timestamp,bid_price,bid_size,ask_price,ask_size,market_id
2025-09-15T23:06:25.586094,3682.0,0.0989,3682.08,2.3612,48
2025-09-15T23:06:25.928239,3682.0,0.0989,3682.08,2.3612,48
2025-09-15T23:06:25.937774,3682.0,0.0989,3682.08,2.3612,48
2025-09-15T23:06:26.181538,3682.0,0.0989,3682.08,0.4211,48
2025-09-15T23:06:26.186582,3682.0,0.0989,3682.08,0.4211,48
2025-09-15T23:06:28.354734,3682.0,0.0989,3682.08,2.3612,48
2025-09-15T23:06:28.385533,3682.0,0.0989,3682.08,1.9401,48
2025-09-15T23:06:28.444158,3682.0,0.0989,3682.08,1.9401,48
2025-09-15T23:06:34.025057,3682.0,0.0989,3682.08,1.9399,48
2025-09-15T23:06:34.829384,3682.0,0.0989,3682.26,0.0678,48
2025-09-15T23:06:37.419190,3682.0,0.0989,3682.26,0.0678,48
2025-09-15T23:07:43.313525,3682.0,0.0987,3682.01,1.4267,48
2025-09-15T23:07:43.602765,3682.0,0.0987,3682.01,1.4267,48
2025-09-15T23:07:43.613852,3682.0,0.0987,3682.01,1.4267,48
2025-09-15T23:07:43.620896,3682.0,0.0987,3682.01,1.4267,48
2025-09-15T23:07:43.624176,3682.0,0.0987,3682.01,1.4267,48
2025-09-15T23:07:43.627262,3682.0,0.0987,3682.01,1.4267,48
2025-09-15T23:07:43.632399,3682.0,0.0987,3682.01,1.4267,48
2025-09-15T23:07:43.635747,3682.0,0.0987,3682.01,1.4267,48
2025-09-15T23:07:43.639990,3682.0,0.0987,3682.01,1.4267,48
2025-09-15T23:07:43.642763,3682.0,0.0987,3682.01,1.4267,48
2025-09-15T23:07:43.644215,3682.0,0.0987,3682.01,1.4267,48
2025-09-15T23:07:43.644562,3682.0,0.0987,3682.01,1.4267,48
2025-09-15T23:07:43.644882,3682.0,0.0987,3682.01,1.4267,48
2025-09-15T23:07:43.645202,3682.0,0.0987,3682.01,1.4267,48
2025-09-15T23:07:43.645537,3682.0,0.0987,3682.01,1.4267,48
2025-09-15T23:07:43.649558,3682.0,0.0987,3682.01,1.4267,48
2025-09-15T23:07:43.651267,3682.0,0.0987,3682.01,1.4267,48
2025-09-15T23:07:43.655110,3682.0,0.0987,3682.01,1.4267,48
2025-09-15T23:07:43.655570,3682.0,0.0987,3682.01,1.4267,48
2025-09-15T23:07:43.656997,3682.0,0.0987,3682.01,1.4267,48
2025-09-15T23:07:43.659811,3682.0,0.0987,3682.01,1.4267,48
2025-09-15T23:07:43.662679,3682.0,0.0987,3682.01,1.4267,48
2025-09-15T23:07:43.664271,3682.0,0.0987,3682.01,1.4267,48
2025-09-15T23:07:43.666474,3682.0,0.0987,3682.01,1.4267,48
2025-09-15T23:07:43.669521,3682.0,0.0987,3682.01,1.4267,48
2025-09-15T23:07:43.679645,3682.0,0.0987,3682.01,1.4267,48
2025-09-15T23:07:43.696264,3682.0,0.0987,3682.01,1.4267,48
2025-09-15T23:07:43.697465,3682.0,0.0987,3682.01,1.4267,48
2025-09-15T23:07:43.701147,3682.0,0.0987,3682.01,1.4267,48
2025-09-15T23:07:43.759614,3682.0,0.0987,3682.01,1.4267,48
2025-09-15T23:07:43.786579,3682.0,0.0987,3682.01,1.4267,48
2025-09-15T23:07:43.839524,3682.0,0.0987,3682.01,1.4267,48
2025-09-15T23:07:43.890156,3682.0,0.0987,3682.01,1.4267,48
2025-09-15T23:07:43.932223,3682.0,0.0987,3682.01,1.4267,48
2025-09-15T23:07:43.960837,3682.0,0.0987,3682.01,1.4267,48
2025-09-15T23:07:44.014279,3682.0,0.0987,3682.01,1.4267,48
2025-09-15T23:07:44.044768,3682.0,0.0987,3682.01,1.4267,48
2025-09-15T23:07:44.105058,3682.0,0.0987,3682.01,1.4267,48
2025-09-15T23:07:44.142789,3682.0,0.0987,3682.01,1.4267,48
2025-09-15T23:07:44.197391,3682.0,0.0987,3682.01,1.4267,48
2025-09-15T23:07:44.230071,3682.0,0.0987,3682.01,1.4267,48
2025-09-15T23:07:44.274152,3682.0,0.0987,3682.01,1.4267,48
2025-09-15T23:07:44.309389,3682.0,0.0987,3682.01,1.4267,48
2025-09-15T23:07:44.351658,3682.0,0.0987,3682.01,1.4267,48
2025-09-15T23:07:44.373791,3682.0,0.0987,3682.01,1.4267,48
2025-09-15T23:07:44.429677,3682.0,0.0987,3682.01,1.4267,48
2025-09-15T23:07:44.462392,3682.0,0.0987,3682.01,1.4267,48
2025-09-15T23:07:44.490250,3682.0,0.0987,3682.01,1.4267,48
2025-09-15T23:07:44.491013,3682.0,0.0987,3682.01,1.4267,48
2025-09-15T23:07:44.514332,3682.0,0.0987,3682.01,1.4267,48
2025-09-15T23:07:44.543786,3682.0,0.0987,3682.01,1.4267,48
2025-09-15T23:07:44.594450,3682.0,0.0987,3682.01,1.4267,48
2025-09-15T23:07:44.625154,3682.0,0.0987,3682.01,1.4267,48
2025-09-15T23:07:44.680784,3682.0,0.0987,3682.01,1.4267,48
2025-09-15T23:07:44.718986,3682.0,0.0987,3682.01,1.4267,48
2025-09-15T23:07:44.762284,3682.0,0.0987,3682.01,1.4267,48
2025-09-15T23:07:44.786501,3682.0,0.0987,3682.01,1.4267,48
2025-09-15T23:07:44.834675,3682.0,0.0987,3682.01,1.4267,48
2025-09-15T23:07:44.864647,3682.0,0.0987,3682.01,1.4267,48
2025-09-15T23:07:44.925856,3682.0,0.0987,3682.01,1.4267,48
2025-09-15T23:07:44.948100,3682.0,0.0987,3682.01,1.4267,48
2025-09-15T23:07:44.987994,3682.0,0.0987,3682.01,1.4267,48
2025-09-15T23:07:45.015949,3682.0,0.0987,3682.01,1.4267,48
2025-09-15T23:07:45.061095,3682.0,0.0987,3682.01,1.4267,48
2025-09-15T23:07:45.074926,3682.0,0.0987,3682.01,1.4267,48
2025-09-15T23:07:45.114921,3682.0,0.0987,3682.01,1.4267,48
2025-09-15T23:07:45.160754,3682.0,0.0987,3682.01,1.4267,48
2025-09-15T23:07:45.192237,3682.0,0.0987,3682.01,1.4267,48
2025-09-15T23:07:45.241636,3682.0,0.0987,3682.01,1.4267,48
2025-09-15T23:07:45.279871,3682.0,0.0987,3682.01,1.4267,48
2025-09-15T23:07:45.327719,3682.0,0.0987,3682.01,1.4267,48
2025-09-15T23:07:45.359014,3682.0,0.0987,3682.01,1.4267,48
2025-09-15T23:07:45.403275,3682.0,0.0987,3682.01,1.4267,48
2025-09-15T23:07:45.442086,3682.0,0.0987,3682.01,1.4267,48
2025-09-15T23:07:45.502466,3682.0,0.0987,3682.01,1.4267,48
2025-09-15T23:07:45.540729,3682.0,0.0987,3682.01,1.4267,48
2025-09-15T23:07:45.590307,3682.0,0.0987,3682.01,1.4267,48
2025-09-15T23:07:45.622849,3682.0,0.0987,3682.01,1.4267,48
2025-09-15T23:07:45.673466,3682.0,0.0987,3682.01,1.4267,48
2025-09-15T23:07:45.675481,3682.0,0.0987,3682.01,1.4267,48
2025-09-15T23:07:45.713191,3682.0,0.0987,3682.01,1.4267,48
2025-09-15T23:07:45.756998,3682.0,0.0987,3682.01,1.4267,48
2025-09-15T23:07:45.786562,3682.0,0.0987,3682.01,1.4267,48
2025-09-15T23:07:45.841078,3682.0,0.0987,3682.01,1.4267,48
2025-09-15T23:07:45.893171,3682.0,0.0987,3682.01,1.4267,48
2025-09-15T23:07:45.961904,3682.0,0.0987,3682.01,1.4267,48
2025-09-15T23:07:45.966019,3682.0,0.0987,3682.01,1.4267,48
2025-09-15T23:07:46.017214,3682.0,0.0987,3682.01,1.4267,48
2025-09-15T23:07:46.043479,3682.0,0.0987,3682.01,1.4267,48
2025-09-15T23:07:46.092526,3682.0,0.0987,3682.01,1.4267,48
2025-09-15T23:07:46.132668,3682.0,0.0987,3682.01,1.4267,48
2025-09-15T23:07:46.179306,3682.0,0.0987,3682.01,1.4267,48
2025-09-15T23:07:46.210446,3682.0,0.0987,3682.01,1.4267,48
2025-09-15T23:07:46.283745,3682.0,0.0987,3682.01,1.4267,48
2025-09-15T23:07:46.289778,3682.0,0.0987,3682.01,1.4267,48
2025-09-15T23:07:46.338552,3682.0,0.0987,3682.01,1.4267,48
2025-09-15T23:07:46.368482,3682.0,0.0987,3682.01,1.4267,48
2025-09-15T23:07:46.376224,3682.0,0.0987,3682.01,1.4267,48
2025-09-15T23:07:46.429514,3682.0,0.0987,3682.01,1.4267,48
2025-09-15T23:07:46.506002,3682.0,0.0987,3682.01,1.4267,48
2025-09-15T23:07:46.582745,3682.0,0.0987,3682.01,1.4267,48
2025-09-15T23:07:46.617585,3682.0,0.0987,3682.01,1.4267,48
2025-09-15T23:07:46.676320,3682.0,0.0987,3682.01,1.4267,48
2025-09-15T23:07:46.721929,3682.0,0.0987,3682.01,1.4267,48
2025-09-15T23:07:46.755372,3682.0,0.0987,3682.01,1.4267,48
2025-09-15T23:07:46.789094,3682.0,0.0987,3682.01,1.4267,48
2025-09-15T23:07:46.836158,3682.0,0.0987,3682.01,1.4267,48
2025-09-15T23:07:46.876891,3682.0,0.0987,3682.01,1.4267,48
2025-09-15T23:07:46.906902,3682.0,0.0987,3682.01,1.4267,48
2025-09-15T23:07:46.940763,3682.0,0.0987,3682.01,1.4267,48
2025-09-15T23:07:46.991991,3682.0,0.0987,3682.01,1.4267,48
2025-09-15T23:07:47.032898,3682.0,0.0987,3682.01,1.4267,48
2025-09-15T23:07:47.080499,3682.0,0.0987,3682.01,1.4267,48
2025-09-15T23:07:47.106462,3682.0,0.0987,3682.01,1.4267,48
2025-09-15T23:07:47.153079,3682.0,0.0987,3682.01,1.4267,48
2025-09-15T23:07:47.187339,3682.0,0.0987,3682.01,1.4267,48
2025-09-15T23:07:47.240643,3682.0,0.0987,3682.01,1.4267,48
2025-09-15T23:07:47.274283,3682.0,0.0987,3682.01,1.4267,48
2025-09-15T23:07:47.330477,3682.0,0.0987,3682.01,1.4267,48
2025-09-15T23:07:47.356050,3682.0,0.0987,3682.01,1.4267,48
2025-09-15T23:07:47.399568,3682.0,0.0987,3682.01,1.4267,48
2025-09-15T23:07:47.452706,3682.0,0.0987,3682.01,1.4267,48
2025-09-15T23:07:47.490559,3682.0,0.0987,3682.01,1.4267,48
2025-09-15T23:07:47.498645,3682.0,0.0987,3682.01,1.4267,48
2025-09-15T23:07:47.501788,3682.0,0.0987,3682.01,1.4267,48
2025-09-15T23:07:47.505253,3682.0,0.0987,3682.01,1.4267,48
2025-09-15T23:07:47.544430,3682.0,0.0987,3682.01,1.4267,48
2025-09-15T23:07:47.637090,3682.0,0.0987,3682.01,1.4267,48
2025-09-15T23:07:47.638232,3682.0,0.0987,3682.01,1.4267,48
2025-09-15T23:07:47.687810,3682.0,0.0987,3682.01,1.4267,48
2025-09-15T23:07:47.719945,3682.0,0.0987,3682.01,1.4267,48
2025-09-15T23:07:47.813651,3682.0,0.0987,3682.01,1.4267,48
2025-09-15T23:07:47.816329,3682.0,0.0987,3682.01,1.4267,48
2025-09-15T23:07:47.857472,3682.0,0.0987,3682.01,1.4267,48
2025-09-15T23:07:47.883896,3682.0,0.0987,3682.01,1.4267,48
2025-09-15T23:07:47.938647,3682.0,0.0987,3682.01,1.4267,48
2025-09-15T23:07:47.963546,3682.0,0.0987,3682.01,1.4267,48
2025-09-15T23:07:48.015532,3682.0,0.0987,3682.01,1.4267,48
2025-09-15T23:07:48.045681,3682.0,0.0987,3682.01,1.4267,48
2025-09-15T23:07:48.088023,3682.0,0.0987,3682.01,1.4267,48
2025-09-15T23:07:48.095314,3682.0,0.0987,3682.01,1.4267,48
2025-09-15T23:07:48.121706,3682.0,0.0987,3682.01,1.4267,48
2025-09-15T23:07:48.173147,3682.0,0.0987,3682.01,1.4267,48
2025-09-15T23:07:48.206264,3682.0,0.0987,3682.01,1.4267,48
2025-09-15T23:07:48.259959,3682.0,0.0987,3682.01,1.4267,48
2025-09-15T23:07:48.286397,3682.0,0.0987,3682.01,1.4267,48
2025-09-15T23:07:48.329886,3682.0,0.0987,3682.01,1.4267,48
2025-09-15T23:07:48.357185,3682.0,0.0987,3682.01,1.4267,48
2025-09-15T23:07:48.402018,3682.0,0.0987,3682.01,1.4267,48
2025-09-15T23:07:48.443947,3682.0,0.0987,3682.01,1.4267,48
2025-09-15T23:07:48.496621,3682.0,0.0987,3682.01,1.4267,48
2025-09-15T23:07:48.525587,3682.0,0.0987,3682.01,1.4267,48
2025-09-15T23:07:48.575214,3682.0,0.0987,3682.01,1.4267,48
2025-09-15T23:07:48.604991,3682.0,0.0987,3682.01,1.4267,48
2025-09-15T23:07:48.672612,3682.0,0.0987,3682.01,1.4267,48
2025-09-15T23:07:48.677711,3682.0,0.0987,3682.01,1.4267,48
2025-09-15T23:07:48.681609,3682.0,0.0987,3682.01,1.4267,48
2025-09-15T23:07:48.726208,3682.0,0.0987,3682.01,1.4267,48
2025-09-15T23:07:48.775644,3682.0,0.0987,3682.01,1.4267,48
2025-09-15T23:07:48.805228,3682.0,0.0987,3682.01,1.4267,48
2025-09-15T23:07:48.860203,3682.0,0.0987,3682.01,1.4267,48
2025-09-15T23:07:48.883897,3682.0,0.0987,3682.01,1.4267,48
2025-09-15T23:07:48.938468,3682.0,0.0987,3682.01,1.4267,48
2025-09-15T23:07:49.006477,3682.0,0.0987,3682.01,1.4267,48
2025-09-15T23:07:49.015179,3682.0,0.0987,3682.01,1.4267,48
2025-09-15T23:07:49.048484,3682.0,0.0987,3682.01,1.4267,48
2025-09-15T23:07:49.091885,3682.0,0.0987,3682.01,1.4267,48
2025-09-15T23:07:49.129483,3682.0,0.0987,3682.01,1.4267,48
2025-09-15T23:07:49.178654,3682.0,0.0987,3682.01,1.4267,48
2025-09-15T23:07:49.206295,3682.0,0.0987,3682.01,1.4267,48
2025-09-15T23:07:49.280728,3682.0,0.0987,3682.01,1.4267,48
2025-09-15T23:07:49.282435,3682.0,0.0987,3682.01,1.4267,48
2025-09-15T23:07:49.286359,3682.0,0.0987,3682.01,1.4267,48
2025-09-15T23:07:49.288464,3682.0,0.0987,3682.01,1.4267,48
2025-09-15T23:07:49.301100,3682.0,0.0987,3682.01,1.4267,48
2025-09-15T23:07:49.342187,3682.0,0.0987,3682.01,1.4267,48
2025-09-15T23:07:49.378342,3682.0,0.0987,3682.01,1.4267,48
2025-09-15T23:07:49.442744,3682.0,0.0987,3682.01,1.4267,48
2025-09-15T23:07:49.487345,3682.0,0.0987,3682.01,1.4267,48
2025-09-15T23:07:49.537476,3682.0,0.0987,3682.01,1.4267,48
2025-09-15T23:07:49.567049,3682.0,0.0987,3682.01,1.4267,48
2025-09-15T23:07:49.613414,3682.0,0.0987,3682.01,1.4267,48
2025-09-15T23:07:49.646339,3682.0,0.0987,3682.01,1.4267,48
2025-09-15T23:07:49.707623,3682.0,0.0987,3682.01,1.4267,48
2025-09-15T23:07:49.749812,3682.0,0.0987,3682.01,1.4267,48
2025-09-15T23:07:49.791900,3682.0,0.0987,3682.01,1.4267,48
2025-09-15T23:07:49.819924,3682.0,0.0987,3682.01,1.4267,48
2025-09-15T23:07:49.858829,3682.0,0.0987,3682.01,1.4267,48
2025-09-15T23:07:49.887110,3682.0,0.0987,3682.01,1.4267,48
2025-09-15T23:07:49.967781,3682.0,0.0987,3682.01,1.4267,48
2025-09-15T23:07:49.969994,3682.0,0.0987,3682.01,1.4267,48
2025-09-15T23:07:50.015530,3682.0,0.0987,3682.01,1.4267,48
2025-09-15T23:07:50.074049,3682.0,0.0987,3682.01,1.4267,48
2025-09-15T23:07:50.090925,3682.0,0.0987,3682.01,1.4267,48
2025-09-15T23:07:50.119436,3682.0,0.0987,3682.01,1.4267,48
2025-09-15T23:07:50.157181,3682.0,0.0987,3682.01,1.4267,48
2025-09-15T23:07:50.208604,3682.0,0.0987,3682.01,1.4267,48
2025-09-15T23:07:50.242100,3682.0,0.0987,3682.01,1.4267,48
2025-09-15T23:07:50.258700,3682.0,0.0987,3682.01,1.4267,48
2025-09-15T23:07:50.292140,3682.0,0.0987,3682.01,1.4267,48
2025-09-15T23:07:50.377973,3682.0,0.0987,3682.01,1.4267,48
2025-09-15T23:07:50.379345,3682.0,0.0987,3682.01,1.4267,48
2025-09-15T23:07:50.440556,3682.0,0.0987,3682.01,1.4267,48
2025-09-15T23:07:50.469735,3682.0,0.0987,3682.01,1.4267,48
2025-09-15T23:07:50.510068,3682.0,0.0987,3682.01,1.4267,48
2025-09-15T23:07:50.534794,3682.0,0.0987,3682.01,1.4267,48
2025-09-15T23:07:50.579639,3682.0,0.0987,3682.01,1.4267,48
2025-09-15T23:07:50.609794,3682.0,0.0987,3682.01,1.4267,48
2025-09-15T23:07:50.653810,3682.0,0.0987,3682.01,1.4267,48
2025-09-15T23:07:50.687762,3682.0,0.0987,3682.01,1.4267,48
2025-09-15T23:07:50.739806,3682.0,0.0987,3682.01,1.4267,48
2025-09-15T23:07:50.764334,3682.0,0.0987,3682.01,1.4267,48
2025-09-15T23:07:50.815068,3682.0,0.0987,3682.01,1.4267,48
2025-09-15T23:07:50.859514,3682.0,0.0987,3682.01,1.4267,48
2025-09-15T23:07:50.880116,3682.0,0.0987,3682.01,1.4267,48
2025-09-15T23:07:50.913056,3682.0,0.0987,3682.01,1.4267,48
2025-09-15T23:07:50.922626,3682.0,0.0987,3682.01,1.4267,48
2025-09-15T23:07:50.976582,3682.0,0.0987,3682.01,1.4267,48
2025-09-15T23:07:51.004551,3682.0,0.0987,3682.01,1.4267,48
2025-09-15T23:07:51.054144,3682.0,0.0987,3682.01,1.4267,48
2025-09-15T23:07:51.084068,3682.0,0.0987,3682.01,1.4267,48
2025-09-15T23:07:51.139067,3682.0,0.0987,3682.01,1.4267,48
2025-09-15T23:07:51.164796,3682.0,0.0987,3682.01,1.4267,48
2025-09-15T23:07:51.217492,3682.0,0.0987,3682.01,1.4267,48
2025-09-15T23:07:51.242839,3682.0,0.0987,3682.01,1.4267,48
2025-09-15T23:07:51.306301,3682.0,0.0987,3682.01,1.4267,48
2025-09-15T23:07:51.346410,3682.0,0.0987,3682.01,1.4267,48
2025-09-15T23:07:51.395278,3682.0,0.0987,3682.01,1.4267,48
2025-09-15T23:07:51.442193,3682.0,0.0987,3682.01,1.4267,48
2025-09-15T23:07:51.486635,3682.0,0.0987,3682.01,1.4267,48
2025-09-15T23:07:51.500440,3682.0,0.0987,3682.01,1.4267,48
2025-09-15T23:07:51.530677,3682.0,0.0987,3682.01,1.4267,48
2025-09-15T23:07:51.581233,3682.0,0.0987,3682.01,1.4267,48
2025-09-15T23:07:51.610627,3682.0,0.0987,3682.01,1.4267,48
2025-09-15T23:07:51.659427,3682.0,0.0987,3682.01,1.4267,48
2025-09-15T23:07:51.730587,3682.0,0.0987,3682.01,1.4267,48
2025-09-15T23:07:51.742171,3682.0,0.0987,3682.01,1.4267,48
2025-09-15T23:07:51.764297,3682.0,0.0987,3682.01,1.4267,48
2025-09-15T23:07:51.820552,3682.0,0.0987,3682.01,1.4267,48
2025-09-15T23:07:51.846012,3682.0,0.0987,3682.01,1.4267,48
2025-09-15T23:07:51.907065,3682.0,0.0987,3682.01,1.4267,48
2025-09-15T23:07:51.930359,3682.0,0.0987,3682.01,1.4267,48
2025-09-15T23:07:51.977800,3682.0,0.0987,3682.01,1.4267,48
2025-09-15T23:07:52.007705,3682.0,0.0987,3682.01,1.4267,48
2025-09-15T23:07:52.052727,3682.0,0.0987,3682.01,1.4267,48
2025-09-15T23:07:52.086991,3682.0,0.0987,3682.01,1.4267,48
2025-09-15T23:07:52.136978,3682.0,0.0987,3682.01,1.4267,48
2025-09-15T23:07:52.190692,3682.0,0.0987,3682.01,1.4267,48
2025-09-15T23:07:52.215796,3682.0,0.0987,3682.01,1.4267,48
2025-09-15T23:07:52.241863,3682.0,0.0987,3682.01,1.4267,48
2025-09-15T23:07:52.283465,3682.0,0.0987,3682.01,1.4267,48
2025-09-15T23:07:52.294365,3682.0,0.0987,3682.01,1.4267,48
2025-09-15T23:07:52.341498,3682.0,0.0987,3682.01,1.4267,48
2025-09-15T23:07:52.380796,3682.0,0.0987,3682.01,1.4267,48
2025-09-15T23:07:52.491253,3682.0,0.0987,3682.01,1.4267,48
2025-09-15T23:07:52.497284,3682.0,0.0987,3682.01,1.4267,48
2025-09-15T23:07:52.540820,3682.0,0.0987,3682.01,1.4267,48
2025-09-15T23:07:52.568128,3682.0,0.0987,3682.01,1.4267,48
2025-09-15T23:07:52.570142,3682.0,0.0987,3682.01,1.4267,48
2025-09-15T23:07:52.576906,3682.0,0.0987,3682.01,1.4267,48
2025-09-15T23:07:52.585115,3682.0,0.0987,3682.01,1.4267,48
2025-09-15T23:07:52.615608,3682.0,0.0987,3682.01,1.4267,48
2025-09-15T23:07:52.642541,3682.0,0.0987,3682.01,1.4267,48
2025-09-15T23:07:52.715800,3682.0,0.0987,3682.01,1.4267,48
2025-09-15T23:07:52.733299,3682.0,0.0987,3682.01,1.4267,48
2025-09-15T23:07:52.758407,3682.0,0.0987,3682.01,1.4267,48
2025-09-15T23:07:52.784180,3682.0,0.0987,3682.01,1.4267,48
2025-09-15T23:07:52.836213,3682.0,0.0987,3682.01,1.4267,48
2025-09-15T23:07:52.874087,3682.0,0.0987,3682.01,1.4267,48
2025-09-15T23:07:52.913289,3682.0,0.0987,3682.01,1.4267,48
2025-09-15T23:07:52.933831,3682.0,0.0987,3682.01,1.4267,48
2025-09-15T23:07:52.980148,3682.0,0.0987,3682.01,1.4267,48
2025-09-15T23:07:53.020661,3682.0,0.0987,3682.01,1.4267,48
2025-09-15T23:07:53.093805,3682.0,0.0987,3682.01,1.4267,48
2025-09-15T23:07:53.107132,3682.0,0.0987,3682.01,1.4267,48
2025-09-15T23:07:53.121652,3682.0,0.0987,3682.01,1.4267,48
2025-09-15T23:07:53.136307,3682.0,0.0987,3682.01,1.4267,48
2025-09-15T23:07:53.152843,3682.0,0.0987,3682.01,1.4267,48
2025-09-15T23:07:53.167938,3682.0,0.0987,3682.01,1.4267,48
2025-09-15T23:07:53.204922,3682.0,0.0987,3682.01,1.4267,48
2025-09-15T23:07:53.264551,3682.0,0.0987,3682.01,1.4267,48
2025-09-15T23:07:53.296758,3682.0,0.0987,3682.01,1.4267,48
2025-09-15T23:07:53.381424,3682.0,0.0987,3682.01,1.4267,48
2025-09-15T23:07:53.406971,3682.0,0.0987,3682.01,1.4267,48
2025-09-15T23:07:53.448892,3682.0,0.0987,3682.01,1.4267,48
2025-09-15T23:07:53.485193,3682.0,0.0987,3682.01,1.4267,48
2025-09-15T23:07:53.545537,3682.0,0.0987,3682.01,1.4267,48
2025-09-15T23:07:53.579238,3682.0,0.0987,3682.01,1.4267,48
2025-09-15T23:07:53.640469,3682.0,0.0987,3682.01,1.4267,48
2025-09-15T23:07:53.677292,3682.0,0.0987,3682.01,1.4267,48
2025-09-15T23:07:53.777969,3682.0,0.0987,3682.01,1.4267,48
2025-09-15T23:07:53.781556,3682.0,0.0987,3682.01,1.4267,48
2025-09-15T23:07:53.807137,3682.0,0.0987,3682.01,1.4267,48
2025-09-15T23:07:53.845534,3682.0,0.0987,3682.01,1.4267,48
2025-09-15T23:07:53.912546,3682.0,0.0987,3682.01,1.4267,48
2025-09-15T23:07:53.954532,3682.0,0.0987,3682.01,1.4267,48
2025-09-15T23:07:54.038997,3682.0,0.0987,3682.01,1.4267,48
2025-09-15T23:07:54.072008,3682.0,0.0987,3682.01,1.4267,48
2025-09-15T23:07:54.102855,3682.0,0.0987,3682.01,1.4267,48
2025-09-15T23:07:54.106200,3682.0,0.0987,3682.01,1.4267,48
2025-09-15T23:07:54.111091,3682.0,0.0987,3682.01,1.4267,48
2025-09-15T23:07:54.119513,3682.0,0.0987,3682.01,1.4267,48
2025-09-15T23:07:54.148228,3682.0,0.0987,3682.01,1.4267,48
2025-09-15T23:07:54.196582,3682.0,0.0987,3682.01,1.4267,48
2025-09-15T23:07:54.222509,3682.0,0.0987,3682.01,1.4267,48
2025-09-15T23:07:54.278735,3682.0,0.0987,3682.01,1.4267,48
2025-09-15T23:07:54.307566,3682.0,0.0987,3682.01,1.4267,48
2025-09-15T23:07:54.355733,3682.0,0.0987,3682.01,1.4267,48
2025-09-15T23:07:54.393436,3682.0,0.0987,3682.01,1.4267,48
2025-09-15T23:07:54.456846,3682.0,0.0987,3682.01,1.4267,48
2025-09-15T23:07:54.465538,3682.0,0.0987,3682.01,1.4267,48
2025-09-15T23:07:54.521853,3682.0,0.0987,3682.01,1.4267,48
2025-09-15T23:07:54.554726,3682.0,0.0987,3682.01,1.4267,48
2025-09-15T23:07:54.600452,3682.0,0.0987,3682.01,1.4267,48
2025-09-15T23:07:54.639903,3682.0,0.0987,3682.01,1.4267,48
2025-09-15T23:07:54.694550,3682.0,0.0987,3682.01,1.4267,48
2025-09-15T23:07:54.725649,3682.0,0.0987,3682.01,1.4267,48
2025-09-15T23:07:54.776244,3682.0,0.0987,3682.01,1.4267,48
2025-09-15T23:07:54.805447,3682.0,0.0987,3682.01,1.4267,48
2025-09-15T23:07:54.824956,3682.0,0.0987,3682.01,1.4267,48
2025-09-15T23:07:54.831843,3682.0,0.0987,3682.01,1.4267,48
2025-09-15T23:07:54.832401,3682.0,0.0987,3682.01,1.4267,48
2025-09-15T23:07:54.833306,3682.0,0.0987,3682.01,1.4267,48
2025-09-15T23:07:54.860936,3682.0,0.0987,3682.01,1.4267,48
2025-09-15T23:07:54.887807,3682.0,0.0987,3682.01,1.4267,48
2025-09-15T23:07:54.934628,3682.0,0.0987,3682.01,1.4267,48
2025-09-15T23:07:54.964804,3682.0,0.0987,3682.01,1.4267,48
2025-09-15T23:07:55.020015,3682.0,0.0987,3682.01,1.4267,48
2025-09-15T23:07:55.047539,3682.0,0.0987,3682.01,1.4267,48
2025-09-15T23:07:55.122867,3682.0,0.0987,3682.01,1.4267,48
2025-09-15T23:07:55.167596,3682.0,0.0987,3682.01,1.4267,48
2025-09-15T23:07:55.219985,3682.0,0.0987,3682.01,1.4267,48
2025-09-15T23:07:55.254873,3682.0,0.0987,3682.01,1.4267,48
2025-09-15T23:07:55.295069,3682.0,0.0987,3682.01,1.4267,48
2025-09-15T23:07:55.326007,3682.0,0.0987,3682.01,1.4267,48
2025-09-15T23:07:55.382688,3682.0,0.0987,3682.01,1.4267,48
2025-09-15T23:07:55.439088,3682.0,0.0987,3682.01,1.4267,48
2025-09-15T23:07:55.512478,3682.0,0.0987,3682.01,1.4267,48
2025-09-15T23:07:55.544558,3682.0,0.0987,3682.01,1.4267,48
2025-09-15T23:07:55.591755,3682.0,0.0987,3682.01,1.4267,48
2025-09-15T23:07:55.624874,3682.0,0.0987,3682.01,1.4267,48
2025-09-15T23:07:55.674670,3682.0,0.0987,3682.01,1.4267,48
2025-09-15T23:07:55.704208,3682.0,0.0987,3682.01,1.4267,48
2025-09-15T23:07:55.758699,3682.0,0.0987,3682.01,1.4267,48
2025-09-15T23:07:55.828930,3682.0,0.0987,3682.01,1.4267,48
2025-09-15T23:07:55.844358,3682.0,0.0987,3682.01,1.4267,48
2025-09-15T23:07:55.886408,3682.0,0.0987,3682.01,1.4267,48
2025-09-15T23:12:23.328039,3682.0,0.0973,3682.02,0.1663,48
2025-09-15T23:12:23.339151,3682.0,0.0971,3682.02,0.1663,48
2025-09-15T23:12:25.848017,3682.0,0.0971,3682.02,0.1663,48
2025-09-15T23:12:28.224373,3682.0,0.0971,3682.02,0.1663,48
2025-09-15T23:12:31.637022,3682.0,0.0971,3682.02,0.1663,48
2025-09-15T23:12:31.638688,3682.0,0.0971,3682.02,0.1663,48
2025-09-15T23:12:33.559706,3682.0,0.0971,3682.02,0.1663,48
2025-09-15T23:12:36.845986,3682.0,0.0971,3682.02,0.1663,48
2025-09-15T23:12:37.369669,3682.0,0.0971,3682.02,0.1663,48
2025-09-15T23:12:38.749595,3682.0,0.0971,3682.02,0.1663,48
2025-09-15T23:12:38.761129,3682.0,0.0971,3682.02,0.1663,48
2025-09-15T23:12:38.762009,3682.0,0.0971,3682.02,0.1663,48
2025-09-15T23:12:39.904743,3682.0,0.0971,3682.02,0.1663,48
2025-09-15T23:12:40.809075,3682.0,0.0971,3682.02,0.1663,48
2025-09-15T23:12:40.813272,3682.0,0.0971,3682.02,0.1663,48
2025-09-15T23:12:40.817509,3682.0,0.0971,3682.02,0.1663,48
2025-09-15T23:12:40.824609,3682.0,0.0971,3682.02,0.1663,48
2025-09-15T23:12:43.323356,3682.0,0.0971,3682.02,0.1663,48
2025-09-15T23:12:44.802371,3682.0,0.0971,3682.02,0.1663,48
2025-09-15T23:12:44.806990,3682.0,0.0971,3682.02,0.1663,48
2025-09-15T23:12:46.969007,3682.0,0.0971,3682.02,0.1663,48
2025-09-15T23:12:49.496922,3682.0,0.0971,3682.02,0.1663,48
2025-09-15T23:12:49.498863,3682.0,0.0971,3682.02,0.1663,48
2025-09-15T23:12:51.247697,3682.0,0.0971,3682.02,0.1663,48
2025-09-15T23:12:51.253125,3682.0,0.0971,3682.02,0.1663,48
2025-09-15T23:12:53.561505,3682.0,0.0971,3682.02,0.1661,48
2025-09-15T23:12:53.939768,3682.0,0.0971,3682.02,0.1661,48
2025-09-15T23:12:54.927112,3682.0,0.0971,3682.02,0.1661,48
2025-09-15T23:12:54.931570,3682.0,0.0971,3682.02,0.1661,48
2025-09-15T23:12:55.171720,3682.0,0.0969,3682.02,0.1661,48
2025-09-15T23:12:55.231391,3682.0,0.0969,3682.02,0.1661,48
2025-09-15T23:12:55.241681,3682.0,0.0969,3682.02,0.1661,48
2025-09-15T23:12:56.409043,3682.0,0.0969,3682.02,0.1661,48
2025-09-15T23:12:56.415246,3682.0,0.0969,3682.02,0.1661,48
2025-09-15T23:12:56.418977,3682.0,0.0969,3682.02,0.1661,48
2025-09-15T23:12:57.024874,3682.0,0.0969,3682.02,0.1661,48
2025-09-15T23:12:57.070964,3682.0,0.0969,3682.02,0.1661,48
2025-09-15T23:12:57.075681,3682.0,0.0969,3682.02,0.1661,48
2025-09-15T23:13:00.677006,3682.0,0.0969,3682.02,0.1661,48
2025-09-15T23:13:00.678465,3682.0,0.0969,3682.02,0.1661,48
2025-09-15T23:13:01.207156,3682.0,0.0969,3682.02,0.1661,48
2025-09-15T23:13:01.213290,3682.0,0.0969,3682.02,0.1661,48
2025-09-15T23:13:02.948349,3682.0,0.0969,3682.02,0.1661,48
2025-09-15T23:13:02.949898,3682.0,0.0969,3682.02,0.1661,48
2025-09-15T23:13:02.953643,3682.0,0.0969,3682.02,0.1661,48
2025-09-15T23:13:07.440326,3682.0,0.0969,3682.02,0.1661,48
2025-09-15T23:13:09.970890,3682.0,0.0969,3682.02,0.1661,48
2025-09-15T23:13:09.973207,3682.0,0.0969,3682.02,0.1661,48
2025-09-15T23:13:11.004735,3682.0,0.0969,3682.02,0.1661,48
2025-09-15T23:13:11.370729,3682.0,0.0969,3682.02,0.1661,48
2025-09-15T23:13:11.377966,3682.0,0.0969,3682.02,0.1661,48
2025-09-15T23:13:12.957113,3682.0,0.0969,3682.02,0.1661,48
2025-09-15T23:13:12.958920,3682.0,0.0969,3682.02,0.1661,48
2025-09-15T23:13:13.733705,3682.0,0.0969,3682.02,0.1661,48
2025-09-15T23:13:15.020326,3682.0,0.0969,3682.02,0.1661,48
2025-09-15T23:13:15.029683,3682.0,0.0969,3682.02,0.1661,48
2025-09-15T23:13:17.969799,3682.0,0.0969,3682.02,0.1661,48
2025-09-15T23:13:17.971497,3682.0,0.0969,3682.02,0.1661,48
2025-09-15T23:13:18.715821,3682.0,0.0969,3682.02,0.1661,48
2025-09-15T23:13:18.716253,3682.0,0.0969,3682.02,0.1661,48
2025-09-15T23:13:19.982123,3682.0,0.0969,3682.02,0.1661,48
2025-09-15T23:13:19.982573,3682.0,0.0969,3682.02,0.1661,48
2025-09-15T23:13:19.991277,3682.0,0.0969,3682.02,0.1661,48
2025-09-15T21:22:03.617354,3680.91,0.6898,3680.94,0.3279,48
2025-09-15T21:22:04.574090,3680.91,0.6898,3680.94,0.3279,48
2025-09-15T21:22:04.578271,3680.91,0.6898,3680.94,0.3279,48
2025-09-15T21:22:05.086650,3680.91,0.6898,3680.94,0.3279,48
2025-09-15T21:22:05.804969,3680.91,0.6898,3680.94,0.3279,48
2025-09-15T21:22:06.790110,3680.91,0.6898,3680.94,0.3279,48
2025-09-15T21:22:07.688927,3680.91,0.6898,3680.94,0.3279,48
2025-09-15T21:22:08.364876,3680.91,0.6898,3680.94,0.3279,48
2025-09-15T21:22:08.992276,3680.91,0.6898,3680.94,0.3279,48
2025-09-15T21:22:10.179476,3680.91,0.6898,3680.94,0.3279,48
2025-09-15T21:22:10.880430,3680.91,0.6898,3680.94,0.3279,48
2025-09-15T21:22:11.145334,3680.91,0.6898,3680.94,0.3279,48
2025-09-15T21:22:12.350116,3680.91,0.6898,3680.94,0.3279,48
2025-09-15T21:22:12.357830,3680.91,0.6898,3680.94,0.3279,48
2025-09-15T21:22:13.710450,3680.91,0.6898,3680.94,0.3279,48
2025-09-15T21:22:13.878684,3680.91,0.6898,3680.94,0.3279,48
2025-09-15T21:22:14.074313,3680.91,0.6898,3680.94,0.3279,48
2025-09-15T21:22:14.911291,3680.91,0.6898,3680.94,0.3279,48
2025-09-15T21:22:14.940598,3680.91,0.6898,3680.94,0.3279,48
2025-09-15T21:22:14.954864,3680.91,0.6898,3680.94,0.3277,48
2025-09-15T21:22:15.126564,3680.91,0.6898,3680.94,0.3277,48
2025-09-15T21:22:16.111667,3680.91,0.6898,3680.94,0.3277,48
2025-09-15T21:22:16.630400,3680.91,0.6898,3680.94,0.3277,48
2025-09-15T21:22:16.644631,3680.91,0.6898,3680.94,0.3277,48
2025-09-15T21:22:16.657343,3680.91,0.6898,3680.94,0.3277,48
2025-09-15T21:22:16.696858,3680.91,0.6898,3680.94,0.3277,48
2025-09-15T21:22:16.709558,3680.91,0.6898,3680.94,0.3277,48
2025-09-15T21:22:16.735169,3680.91,0.6898,3680.94,0.3277,48
2025-09-15T21:22:16.741164,3680.91,0.6898,3680.94,0.3277,48
2025-09-15T21:22:16.750831,3680.91,0.6898,3680.94,0.3277,48
2025-09-15T21:22:16.758376,3680.91,0.6898,3680.94,0.3277,48
2025-09-15T21:22:16.767867,3680.91,0.6898,3680.94,0.3277,48
2025-09-15T21:22:16.776398,3680.91,0.6898,3680.94,0.3277,48
2025-09-15T21:22:17.242325,3680.91,0.6898,3680.94,0.3277,48
2025-09-15T21:22:17.998146,3680.91,0.6898,3680.94,0.3277,48
2025-09-15T21:22:18.530383,3680.91,0.6898,3680.94,0.3277,48
2025-09-15T21:22:19.920390,3680.91,0.6898,3680.94,0.3277,48
2025-09-15T21:22:19.939966,3680.91,0.6898,3680.94,0.3277,48
2025-09-15T21:22:20.074550,3680.91,0.6898,3680.94,0.3277,48
2025-09-15T21:22:20.432944,3680.91,0.6898,3680.94,0.3277,48
2025-09-15T21:22:21.664444,3680.91,0.6898,3680.94,0.3277,48
2025-09-15T21:22:22.453576,3680.91,0.6898,3680.94,0.3277,48
2025-09-15T21:22:23.597197,3680.91,0.6898,3680.94,0.3277,48
2025-09-15T21:22:24.221639,3680.91,0.6898,3680.94,0.3277,48
2025-09-15T21:22:24.690459,3680.91,0.6898,3680.94,0.3277,48
2025-09-15T21:22:24.696665,3680.91,0.6898,3680.94,0.3277,48
2025-09-15T21:22:24.709947,3680.91,0.6898,3680.94,0.3277,48
2025-09-15T21:22:24.725061,3680.91,0.6898,3680.94,0.3277,48
2025-09-15T21:22:24.741151,3680.91,0.6898,3680.94,0.3277,48
2025-09-15T21:22:24.764812,3680.91,0.6898,3680.94,0.3277,48
2025-09-15T21:22:24.782714,3680.91,0.6898,3681.04,0.1665,48
2025-09-15T21:22:24.889413,3680.91,0.6898,3681.04,0.1665,48
2025-09-15T21:22:24.896097,3680.91,0.6898,3681.04,0.1665,48
2025-09-15T21:22:24.922504,3680.91,0.6898,3681.04,0.1665,48
2025-09-15T21:22:24.929310,3680.91,0.6898,3681.04,0.1665,48
2025-09-15T21:22:24.936655,3680.91,0.6898,3681.04,0.1665,48
2025-09-15T21:22:25.452718,3680.91,0.6898,3681.04,0.1665,48
2025-09-15T21:22:25.464024,3680.91,0.6898,3681.04,0.1665,48
2025-09-15T21:22:25.471078,3680.91,0.6898,3681.04,0.1665,48
2025-09-15T21:22:26.288610,3680.91,0.6898,3681.04,0.1665,48
2025-09-15T21:22:26.297316,3680.91,0.6898,3681.04,0.1665,48
2025-09-15T21:22:26.302321,3680.91,0.6898,3681.04,0.1665,48
2025-09-15T21:22:26.759500,3680.91,0.6898,3681.04,0.1665,48
2025-09-15T21:22:26.766220,3680.91,0.6898,3681.04,0.1665,48
2025-09-15T21:22:26.771613,3680.91,0.6898,3681.04,0.1665,48
2025-09-15T21:22:26.803432,3680.91,0.6898,3681.04,0.1665,48
2025-09-15T21:22:27.399222,3680.91,0.6898,3681.04,0.1665,48
2025-09-15T21:22:27.401237,3680.91,0.6898,3681.04,0.1665,48
2025-09-15T21:22:27.402704,3680.91,0.6898,3681.04,0.1665,48
2025-09-15T21:22:27.912948,3680.91,0.6898,3681.04,0.1665,48
2025-09-15T21:22:27.967101,3680.91,0.6898,3681.04,0.1665,48
2025-09-15T21:22:28.033425,3680.91,0.6898,3681.04,0.1665,48
2025-09-15T21:22:28.650295,3680.91,0.6898,3681.04,0.1665,48
2025-09-15T21:22:29.986362,3680.91,0.6898,3681.04,0.1665,48
2025-09-15T21:22:30.005355,3680.91,0.6898,3681.04,0.1665,48
2025-09-15T21:22:30.025088,3680.91,0.6898,3681.04,0.1665,48
2025-09-15T21:22:30.853838,3680.91,0.6898,3681.04,0.1665,48
2025-09-15T21:22:31.455324,3680.91,0.6898,3681.04,0.1665,48
2025-09-15T21:22:32.225783,3680.91,0.6898,3681.04,0.1665,48
2025-09-15T21:22:32.248247,3680.91,0.6898,3681.04,0.1665,48
2025-09-15T21:22:33.030498,3680.91,0.6898,3681.04,0.1665,48
2025-09-15T21:22:34.042778,3680.91,0.6898,3681.04,0.1665,48
2025-09-15T21:22:34.710224,3680.91,0.6898,3681.04,0.1665,48
2025-09-15T21:22:35.720620,3680.91,0.6898,3681.04,0.1665,48
2025-09-15T21:22:35.982829,3680.91,0.6898,3681.04,0.1665,48
2025-09-15T21:22:36.155291,3680.91,0.6898,3681.04,0.1665,48
2025-09-15T21:22:36.248931,3680.91,0.6898,3681.04,0.1665,48
2025-09-15T21:22:36.255534,3680.91,0.6898,3681.04,0.1665,48
2025-09-15T21:22:36.265086,3680.91,0.6898,3681.04,0.1665,48
2025-09-15T21:22:36.842475,3680.91,0.6898,3681.04,0.1665,48
2025-09-15T21:22:36.848900,3680.91,0.6898,3681.04,0.1665,48
2025-09-15T21:22:36.855181,3680.91,0.6898,3681.04,0.1665,48
2025-09-15T21:22:37.875033,3680.91,0.6898,3681.04,0.1665,48
2025-09-15T21:22:37.879244,3680.91,0.6898,3681.04,0.1665,48
2025-09-15T21:22:37.883290,3680.91,0.6898,3681.04,0.1665,48
2025-09-15T21:22:37.974598,3680.91,0.6898,3681.04,0.1665,48
2025-09-15T21:22:38.990061,3680.91,0.6898,3681.04,0.1665,48
2025-09-15T21:22:38.992358,3680.91,0.6898,3681.04,0.1665,48
2025-09-15T21:22:38.994459,3680.91,0.6898,3681.04,0.1665,48
2025-09-15T21:22:39.642175,3680.91,0.6898,3681.04,0.1665,48
2025-09-15T21:22:39.648125,3680.91,0.6898,3681.04,0.1665,48
2025-09-15T21:22:39.663163,3680.91,0.6898,3681.04,0.1665,48
2025-09-15T21:22:40.392283,3680.91,0.6898,3681.04,0.1665,48
2025-09-15T21:22:41.729823,3680.91,0.6898,3681.04,0.1665,48
2025-09-15T21:22:42.142298,3680.91,0.6898,3681.04,0.1665,48
2025-09-15T21:22:42.170403,3680.91,0.6898,3681.04,0.1665,48
2025-09-15T21:22:42.365483,3680.91,0.6898,3681.04,0.1665,48
2025-09-15T21:22:43.159437,3680.91,0.6898,3681.04,0.1665,48
2025-09-15T21:22:44.286174,3680.91,0.6898,3681.04,0.1665,48
2025-09-15T21:22:45.005906,3680.91,0.6898,3681.04,0.1665,48
2025-09-15T21:22:45.745536,3680.91,0.6898,3681.04,0.1665,48
2025-09-15T21:22:46.808153,3680.91,0.6898,3681.04,0.1665,48
2025-09-15T21:22:46.819072,3680.91,0.6898,3681.04,0.1665,48
2025-09-15T21:22:46.826195,3680.91,0.6898,3681.04,0.1665,48
2025-09-15T21:22:46.836582,3680.91,0.6898,3681.04,0.1665,48
2025-09-15T21:22:47.677844,3680.91,0.6898,3681.04,0.1665,48
2025-09-15T21:22:47.727504,3680.91,0.6898,3681.04,0.1665,48
2025-09-15T21:22:47.959703,3680.91,0.6898,3681.04,0.1665,48
2025-09-15T21:22:48.430335,3680.91,0.6898,3681.04,0.1665,48
2025-09-15T21:22:48.445220,3680.91,0.6898,3681.04,0.1665,48
2025-09-15T21:22:48.452895,3680.91,0.6898,3681.04,0.1665,48
2025-09-15T21:22:48.580540,3680.91,0.6898,3681.04,0.1665,48
2025-09-15T21:22:48.944926,3680.91,0.6898,3681.04,0.1665,48
2025-09-15T21:22:49.542815,3680.91,0.6898,3681.04,0.1665,48
2025-09-15T21:22:49.552270,3680.91,0.6898,3681.04,0.1665,48
2025-09-15T21:22:49.562894,3680.91,0.6898,3681.04,0.1665,48
2025-09-15T21:22:49.618017,3680.91,0.6898,3681.04,0.1665,48
2025-09-15T21:22:49.882662,3680.91,0.6898,3681.04,0.1665,48
2025-09-15T21:22:50.663974,3680.91,0.6898,3681.04,0.1665,48
2025-09-15T21:22:50.891029,3680.91,0.6898,3681.04,0.1665,48
2025-09-15T21:22:51.464754,3680.91,0.6898,3681.04,0.1665,48
2025-09-15T21:22:51.902162,3680.91,0.6898,3681.04,0.1665,48
2025-09-15T21:22:52.144330,3680.91,0.6896,3681.04,0.1665,48
2025-09-15T21:22:52.432089,3680.91,0.6896,3681.04,0.1665,48
2025-09-15T21:22:52.906832,3680.91,0.6896,3681.04,0.1665,48
2025-09-15T21:22:53.001909,3680.91,0.6896,3681.04,0.1665,48
2025-09-15T21:22:53.047073,3680.91,0.6896,3681.04,0.1665,48
2025-09-15T21:22:53.051997,3680.91,0.6896,3681.04,0.1665,48
2025-09-15T21:22:53.064287,3680.91,0.6896,3681.04,0.1665,48
2025-09-15T21:22:53.534302,3680.91,0.6896,3681.04,0.1665,48
2025-09-15T21:22:53.840107,3680.91,0.6896,3681.04,0.1665,48
2025-09-15T21:22:54.007161,3680.91,0.6896,3681.04,0.1665,48
2025-09-15T21:22:54.551739,3680.91,0.6896,3681.04,0.1665,48
2025-09-15T21:22:54.692912,3680.91,0.6896,3681.04,0.1665,48
2025-09-15T21:22:54.701862,3680.91,0.6896,3681.04,0.1665,48
2025-09-15T21:22:54.710760,3680.91,0.6896,3681.04,0.1665,48
2025-09-15T21:22:54.713754,3680.91,0.6896,3681.04,0.1665,48
2025-09-15T21:22:54.903792,3680.91,0.6896,3681.04,0.1665,48
2025-09-15T21:22:55.334248,3680.91,0.6896,3681.04,0.1665,48
2025-09-15T21:22:55.858545,3680.91,0.6896,3681.04,0.1665,48
2025-09-15T21:22:56.498221,3680.91,0.6896,3681.04,0.1665,48
2025-09-15T21:22:57.006300,3680.91,0.6896,3681.04,0.1665,48
2025-09-15T21:22:57.011632,3680.91,0.6896,3681.04,0.1665,48
2025-09-15T21:22:57.016911,3680.91,0.6896,3681.04,0.1665,48
2025-09-15T21:22:57.095122,3680.91,0.6896,3681.04,0.1665,48
2025-09-15T21:22:57.594361,3680.91,0.6896,3681.04,0.1665,48
2025-09-15T21:22:57.965007,3680.91,0.6896,3681.04,0.1665,48
2025-09-15T21:22:58.561490,3680.91,0.6896,3681.04,0.1665,48
2025-09-15T21:22:58.826919,3680.91,0.6896,3681.04,0.1665,48
2025-09-15T21:22:59.482855,3680.91,0.6896,3681.04,0.1665,48
2025-09-15T21:23:00.113100,3680.91,0.6896,3681.04,0.1665,48
2025-09-15T21:23:00.545474,3680.91,0.6896,3681.04,0.1665,48
2025-09-15T21:23:00.599650,3680.91,0.6896,3681.04,0.1665,48
2025-09-15T21:23:00.605158,3680.91,0.6896,3681.04,0.1665,48
2025-09-15T21:23:00.776476,3680.91,0.6896,3681.04,0.1665,48
2025-09-15T21:23:00.786917,3680.91,0.6896,3681.04,0.1665,48
2025-09-15T21:23:00.803681,3680.91,0.6896,3681.04,0.1665,48
2025-09-15T21:23:00.889640,3680.91,0.6896,3681.04,0.1665,48
2025-09-15T21:23:00.962339,3680.91,0.6896,3681.04,0.1665,48
2025-09-15T21:23:01.483569,3680.91,0.6896,3681.04,0.1665,48
2025-09-15T21:23:01.644117,3680.91,0.6896,3681.04,0.1665,48
2025-09-15T21:23:01.665243,3680.91,0.6896,3681.04,0.1665,48
2025-09-15T21:23:01.695654,3680.91,0.6896,3681.04,0.1665,48
2025-09-15T21:23:01.923661,3680.91,0.6896,3681.04,0.1665,48
2025-09-15T21:23:02.032817,3680.91,0.6896,3681.04,0.1665,48
2025-09-15T21:23:02.385343,3680.91,0.6896,3681.04,0.1665,48
2025-09-15T21:23:02.679692,3680.91,0.6896,3681.04,0.1665,48
2025-09-15T21:23:02.699881,3680.91,0.6896,3681.04,0.1665,48
2025-09-15T21:23:02.710361,3680.91,0.6896,3681.04,0.1665,48
2025-09-15T21:26:24.289792,3679.0,0.0999,3679.15,0.1666,48
2025-09-15T21:26:26.821151,3679.0,0.0999,3679.15,0.1666,48
2025-09-15T21:26:27.084736,3679.0,0.0999,3679.15,0.1666,48
2025-09-15T21:26:27.372805,3679.0,0.0999,3679.15,0.1666,48
2025-09-15T21:26:28.223518,3679.0,0.0999,3679.15,0.1666,48
2025-09-15T21:26:28.228394,3679.0,0.0999,3679.15,0.1666,48
2025-09-15T21:26:28.234091,3679.0,0.0999,3679.15,0.1666,48
2025-09-15T21:26:28.240558,3679.0,0.0999,3679.15,0.1666,48
2025-09-15T21:26:28.255355,3679.0,0.0999,3679.15,0.1666,48
2025-09-15T21:26:28.334966,3679.0,0.0999,3679.15,0.1666,48
2025-09-15T21:26:28.945506,3679.0,0.0999,3679.15,0.1666,48
2025-09-15T21:26:29.026170,3679.0,0.0999,3679.15,0.1666,48
2025-09-15T21:26:30.658736,3679.0,0.0999,3679.15,0.1666,48
2025-09-15T21:26:34.436382,3679.0,0.0999,3679.15,0.1666,48
2025-09-15T21:26:35.406215,3679.0,0.0999,3679.15,0.1666,48
2025-09-15T21:26:37.564151,3679.0,0.0999,3679.15,0.1666,48
2025-09-15T21:26:47.405464,3679.0,0.0999,3679.15,0.1666,48
2025-09-15T21:26:47.412569,3679.0,0.0999,3679.15,0.1666,48
2025-09-15T21:26:49.104705,3679.0,0.0999,3679.15,0.1666,48
2025-09-15T21:26:49.123464,3679.0,0.0999,3679.15,0.1666,48
2025-09-15T21:26:49.557594,3679.0,0.0999,3679.15,0.1666,48
2025-09-15T21:26:49.688202,3679.0,0.0999,3679.15,0.1666,48
2025-09-15T21:26:50.525626,3679.0,0.0999,3679.15,0.1666,48
2025-09-15T21:26:50.576321,3679.0,0.0999,3679.15,0.1666,48
2025-09-15T21:26:52.085031,3679.0,0.0999,3679.15,0.1666,48
2025-09-15T21:26:54.222810,3679.0,0.0999,3679.15,0.1666,48
2025-09-15T21:26:55.288472,3679.0,0.0999,3679.15,0.1666,48
2025-09-15T21:26:55.811237,3679.0,0.0999,3679.15,0.1666,48
2025-09-15T21:26:55.814382,3679.0,0.0999,3679.15,0.1666,48
2025-09-15T21:26:55.818643,3679.0,0.0999,3679.15,0.1666,48
2025-09-15T21:26:56.400344,3679.0,0.0999,3679.15,0.1666,48
2025-09-15T21:26:56.405661,3679.0,0.0999,3679.15,0.1666,48
2025-09-15T21:26:56.411746,3679.0,0.0999,3679.15,0.1666,48
2025-09-15T21:26:57.385227,3679.0,0.0999,3679.15,0.1664,48
2025-09-15T21:26:57.859357,3679.0,0.0999,3679.15,0.1664,48
2025-09-15T21:26:59.132824,3679.0,0.0999,3679.15,0.1664,48
2025-09-15T21:26:59.678770,3679.0,0.0999,3679.15,0.1664,48
2025-09-15T21:27:00.263747,3679.0,0.0999,3679.15,0.1664,48
2025-09-15T21:27:01.345134,3679.0,0.0999,3679.15,0.1664,48
2025-09-15T21:27:02.003910,3679.0,0.0999,3679.15,0.1664,48
2025-09-15T21:27:02.504525,3679.0,0.0999,3679.15,0.1664,48
2025-09-15T21:27:03.462461,3679.0,0.0999,3679.15,0.1664,48
2025-09-15T21:27:04.465036,3679.0,0.0999,3679.15,0.1664,48
2025-09-15T21:27:05.121341,3679.0,0.0999,3679.15,0.1664,48
2025-09-15T21:27:05.138708,3679.0,0.0997,3679.15,0.1664,48
2025-09-15T21:27:06.139891,3679.0,0.0997,3679.15,0.1664,48
2025-09-15T21:27:06.823374,3679.0,0.0997,3679.15,0.1664,48
2025-09-15T21:27:06.831809,3679.0,0.0997,3679.15,0.1664,48
2025-09-15T21:27:06.838703,3679.0,0.0997,3679.15,0.1664,48
2025-09-15T21:27:08.087237,3679.0,0.0997,3679.15,0.1664,48
2025-09-15T21:27:08.096535,3679.0,0.0997,3679.15,0.1664,48
2025-09-15T21:27:08.786489,3679.0,0.0997,3679.15,0.1664,48
2025-09-15T21:27:11.682659,3679.0,0.0997,3679.15,0.1664,48
2025-09-15T21:27:15.862722,3679.0,0.0997,3679.15,0.1664,48
2025-09-15T21:27:15.870489,3679.0,0.0997,3679.15,0.1664,48
2025-09-15T21:27:15.916522,3679.0,0.0997,3679.15,0.1664,48
2025-09-15T21:27:15.920930,3679.0,0.0997,3679.15,0.1664,48
2025-09-15T21:27:16.661343,3679.0,0.0997,3679.15,0.1664,48
2025-09-15T21:27:17.384290,3679.0,0.0997,3679.15,0.1664,48
2025-09-15T21:27:18.226217,3679.0,0.0997,3679.15,0.1664,48
2025-09-15T21:27:19.047565,3679.0,0.0997,3679.15,0.1664,48
2025-09-15T21:27:19.058199,3679.0,0.0997,3679.15,0.1664,48
2025-09-15T21:27:19.085520,3679.0,0.0997,3679.15,0.1664,48
2025-09-15T21:27:20.453205,3679.0,0.0997,3679.15,0.1664,48
2025-09-15T21:27:20.463251,3679.0,0.0997,3679.15,0.1664,48
2025-09-15T21:27:20.483778,3679.0,0.0997,3679.15,0.1664,48
2025-09-15T21:38:47.836264,3679.0,0.0963,3679.07,0.1294
2025-09-15T21:38:53.434106,3679.0,0.0963,3679.07,0.1294
2025-09-15T21:38:53.504244,3679.0,0.0963,3679.07,0.1294
2025-09-15T21:38:56.222609,3679.0,0.0963,3679.07,0.1292
2025-09-15T21:38:57.091470,3679.0,0.0963,3679.07,0.1292
2025-09-15T21:38:57.094585,3679.0,0.0963,3679.07,0.1292
2025-09-15T21:38:58.224579,3679.0,0.0963,3679.07,0.1292
2025-09-15T21:38:58.225098,3679.0,0.0963,3679.07,0.1292
2025-09-15T21:38:58.749316,3679.0,0.0963,3679.07,0.1292
2025-09-15T21:38:58.750823,3679.0,0.0963,3679.07,0.1292
2025-09-15T21:38:59.274348,3679.0,0.0963,3679.07,0.1292
2025-09-15T21:39:00.495312,3679.0,0.0963,3679.07,0.1292
2025-09-15T21:39:00.601578,3679.0,0.0963,3679.07,0.1292
2025-09-15T21:39:05.173205,3679.0,0.0963,3679.07,0.1292
2025-09-15T21:39:05.192254,3679.0,0.0963,3679.07,0.1292
2025-09-15T21:39:17.848242,3678.01,0.4311,3679.08,0.1666
2025-09-15T21:39:19.653947,3678.01,0.4311,3679.08,0.1666
2025-09-15T21:39:19.654143,3678.01,0.4311,3679.08,0.1666
2025-09-15T21:39:19.669684,3678.01,0.4311,3679.08,0.1666
2025-09-15T21:39:19.674471,3678.01,0.4311,3679.08,0.1666
2025-09-15T21:39:19.674649,3678.01,0.4311,3679.08,0.1666
2025-09-15T21:39:19.686741,3678.01,0.4311,3679.08,0.1666
2025-09-15T21:39:20.208483,3678.01,0.4311,3679.08,0.1666
2025-09-15T21:39:20.801853,3678.01,0.4311,3679.08,0.1666
2025-09-15T21:39:20.809096,3678.01,0.4311,3679.08,0.1666
2025-09-15T21:39:20.828430,3678.01,0.4311,3679.08,0.1666
2025-09-15T21:39:22.003076,3678.01,0.4311,3679.08,0.1666
2025-09-15T21:39:22.830681,3678.01,0.4311,3679.08,0.1666
2025-09-15T21:39:23.447350,3678.01,0.4311,3679.08,0.1666
2025-09-15T21:39:24.119099,3678.01,0.4311,3679.08,0.1666
2025-09-15T21:39:24.814667,3678.01,0.4311,3679.08,0.1666
2025-09-15T21:39:25.490103,3678.01,0.4309,3679.08,0.1666
2025-09-15T21:39:26.191774,3678.01,0.4309,3679.08,0.1666
2025-09-15T21:39:26.708500,3678.01,0.4309,3679.08,0.1666
2025-09-15T21:39:27.538356,3678.01,0.4309,3679.08,0.1666
2025-09-15T21:39:28.050131,3678.01,0.4309,3679.08,0.1666
2025-09-15T21:39:28.695158,3678.01,0.4309,3679.08,0.1666
2025-09-15T21:39:29.220386,3678.01,0.4309,3679.08,0.1666
2025-09-15T21:39:29.737940,3678.01,0.4309,3679.08,0.1666
2025-09-15T21:39:30.336544,3678.01,0.4309,3679.08,0.1666
2025-09-15T21:39:30.937995,3678.01,0.4309,3679.08,0.1666
2025-09-15T21:39:31.734040,3678.01,0.4309,3679.08,0.1666
2025-09-15T21:39:32.727774,3678.01,0.4309,3679.08,0.1666
2025-09-15T21:39:33.241347,3678.01,0.4309,3679.08,0.1666
2025-09-15T21:39:33.467565,3672.4,2.9503,3679.08,0.1666
2025-09-15T21:39:33.504390,3672.4,2.9503,3679.55,1.9305
2025-09-15T21:39:33.535715,3672.4,2.9503,3679.55,1.9305
2025-09-15T21:39:33.545965,3672.4,2.9503,3679.55,1.9305
2025-09-15T21:39:33.585410,3672.4,2.9503,3679.55,1.9305
2025-09-15T21:39:33.600495,3672.4,2.9503,3679.55,1.9305
2025-09-15T21:39:33.602455,3672.4,2.9503,3679.55,1.9305
2025-09-15T21:39:33.617859,3672.4,2.9503,3679.55,1.9305
2025-09-15T21:39:33.639093,3672.4,2.9503,3679.55,1.9305
2025-09-15T21:39:33.653075,3672.4,2.9503,3679.55,1.9305
2025-09-15T21:39:33.675850,3672.4,2.9503,3679.55,1.9305
2025-09-15T21:39:33.720311,3672.4,2.9503,3679.55,1.9305
2025-09-15T21:39:33.755053,3671.12,6.465,3679.55,1.9305
2025-09-15T21:39:33.757364,3671.12,6.465,3679.7,0.2165
2025-09-15T21:39:33.762382,3671.12,6.465,3679.7,0.2165
2025-09-15T21:39:33.765354,3671.12,6.465,3679.7,0.2165
2025-09-15T21:39:33.770080,3671.12,6.465,3679.7,0.2165
2025-09-15T21:39:33.776676,3671.12,6.465,3679.7,0.2165
2025-09-15T21:39:33.795752,3671.12,6.465,3679.7,0.2165
2025-09-15T21:39:33.797788,3671.12,6.465,3679.7,0.2165
2025-09-15T21:39:33.838819,3671.12,6.465,3679.7,0.2165
2025-09-15T21:39:34.209172,3671.12,6.465,3679.7,0.2165
2025-09-15T21:39:34.296379,3671.12,6.465,3679.7,0.2165
2025-09-15T21:39:34.325372,3671.12,6.465,3679.7,0.2165
2025-09-15T21:39:34.329410,3671.12,6.465,3679.7,0.2165
2025-09-15T21:39:34.333028,3671.12,6.465,3679.7,0.2165
2025-09-15T21:39:34.483759,3671.12,6.465,3679.7,0.2165
2025-09-15T21:39:34.726903,3671.12,6.465,3679.7,0.2165
2025-09-15T21:39:35.035407,3671.12,6.465,3679.7,0.2165
2025-09-15T21:39:35.039717,3671.12,6.465,3679.7,0.2165
2025-09-15T21:39:36.079894,3671.12,6.465,3679.7,0.2165
2025-09-15T21:39:36.090425,3671.12,6.465,3679.7,0.2165
2025-09-15T21:39:36.090746,3671.12,6.465,3679.7,0.2165
2025-09-15T21:39:36.507888,3671.12,6.465,3679.7,0.2165
2025-09-15T21:39:36.632321,3671.12,6.465,3679.7,0.2165
2025-09-15T21:39:36.637641,3671.12,6.465,3679.7,0.2165
2025-09-15T21:39:36.642928,3671.12,6.465,3679.7,0.2165
2025-09-15T21:39:37.848621,3671.12,6.465,3679.7,0.2165
2025-09-15T21:39:37.858008,3671.12,6.465,3679.7,0.2165
2025-09-15T21:39:37.860791,3671.12,6.465,3679.7,0.2165
2025-09-15T21:39:38.890057,3671.12,6.465,3679.7,0.2165
2025-09-15T21:39:38.893496,3671.12,6.465,3679.7,0.2165
2025-09-15T21:39:38.895644,3671.12,6.465,3679.7,0.2165
2025-09-15T21:39:39.993570,3671.12,6.465,3679.7,0.2165
2025-09-15T21:39:40.324081,3671.12,6.465,3679.7,0.2165
2025-09-15T21:39:40.541554,3671.12,6.465,3679.7,0.2165
2025-09-15T21:39:41.207001,3671.12,6.465,3679.7,0.2165
2025-09-15T21:39:42.209708,3671.12,6.465,3679.7,0.2165
2025-09-15T21:39:43.718600,3671.12,6.465,3679.7,0.2165
2025-09-15T21:39:44.335442,3671.12,6.465,3679.7,0.2165
2025-09-15T21:39:44.838417,3671.12,6.465,3679.7,0.2165
2025-09-15T21:39:45.611901,3671.12,6.465,3679.7,0.2165
2025-09-15T21:39:46.652538,3671.12,6.465,3679.7,0.2165
2025-09-15T21:39:47.696974,3671.12,6.465,3679.7,0.2165
2025-09-15T21:39:47.702358,3671.12,6.465,3679.7,0.2165
2025-09-15T21:39:48.392934,3671.12,6.465,3679.7,0.2165
2025-09-15T21:39:49.273075,3671.12,6.465,3680.14,0.6347
2025-09-15T21:39:49.567323,3671.12,6.465,3680.14,0.6347
2025-09-15T21:39:49.633974,3671.12,6.465,3680.14,0.6347
2025-09-15T21:39:50.831139,3671.12,6.465,3680.14,0.6347
2025-09-15T21:39:52.143597,3671.12,6.465,3680.14,0.6347
2025-09-15T21:39:53.232247,3671.12,6.465,3680.14,0.6347
2025-09-15T21:39:53.739642,3671.12,6.465,3680.14,0.6347
2025-09-15T21:39:54.366105,3671.12,6.465,3680.14,0.6347
2025-09-15T21:39:54.967664,3671.12,6.465,3680.14,0.6347
2025-09-15T21:39:54.991367,3671.12,6.465,3680.14,0.6347
2025-09-15T21:39:55.100666,3671.12,6.465,3680.14,0.6347
2025-09-15T21:39:55.885517,3671.12,6.465,3680.14,0.6347
2025-09-15T21:39:56.484871,3671.12,6.465,3680.14,0.6347
2025-09-15T21:39:56.849948,3671.12,6.465,3680.14,0.6347
2025-09-15T21:39:57.252418,3671.12,6.465,3680.14,0.6347
2025-09-15T21:39:58.366142,3671.12,6.465,3680.14,0.6347
2025-09-15T21:39:58.928064,3671.12,6.465,3680.14,0.6347
2025-09-15T21:40:00.132004,3671.12,6.465,3680.14,0.6347
2025-09-15T21:40:00.901296,3671.12,6.465,3680.14,0.6347
2025-09-15T21:40:01.411144,3671.12,6.465,3680.14,0.6347
2025-09-15T21:40:02.229418,3671.12,6.465,3680.14,0.6347
2025-09-15T21:40:02.425868,3671.12,6.465,3680.14,0.6347
2025-09-15T21:40:02.895298,3671.12,6.465,3680.14,0.6347
2025-09-15T21:40:03.407075,3671.12,6.465,3680.14,0.6347
2025-09-15T21:40:04.021701,3671.12,6.465,3680.14,0.6347
2025-09-15T21:40:05.221706,3671.12,6.465,3680.14,0.6347
2025-09-15T21:40:05.745329,3671.12,6.465,3680.14,0.6347
2025-09-15T21:40:06.373760,3671.12,6.465,3680.14,0.6347
2025-09-15T21:40:08.016896,3671.12,6.465,3680.14,0.6347
2025-09-15T21:40:08.661675,3671.12,6.465,3680.14,0.6347
2025-09-15T21:40:08.699558,3671.12,6.465,3680.14,0.6347
2025-09-15T21:40:08.879093,3671.12,6.465,3680.14,0.6347
2025-09-15T21:40:09.962868,3671.12,6.465,3680.14,0.6347
2025-09-15T21:40:11.110547,3671.12,6.465,3680.14,0.6347
2025-09-15T21:40:11.638162,3671.12,6.465,3680.14,0.6347
2025-09-15T21:40:14.855853,3671.12,6.465,3680.14,0.6347
2025-09-15T21:40:14.895358,3671.12,6.465,3680.14,0.6347
2025-09-15T21:40:15.045519,3671.12,6.465,3680.14,0.6347
2025-09-15T21:51:17.959281,3681.04,0.4227,3682.19,0.4206
2025-09-15T21:51:17.977665,3681.04,0.4227,3682.19,0.4206
2025-09-15T21:51:18.251434,3681.04,0.4227,3682.19,0.4206
2025-09-15T21:51:19.047560,3681.03,0.1667,3682.19,0.4206
2025-09-15T21:51:19.092651,3681.03,0.1667,3682.19,0.4206
2025-09-15T21:51:19.323205,3681.03,0.1667,3682.43,1.6074
2025-09-15T21:51:19.360055,3681.03,0.1667,3682.43,1.6074
2025-09-15T21:51:19.387711,3681.03,0.1667,3682.43,1.6074
2025-09-15T21:51:19.403963,3681.03,0.1667,3682.43,1.6074
2025-09-15T21:51:19.553290,3681.03,0.1667,3682.54,1.65
2025-09-15T21:51:19.557527,3681.03,0.1667,3682.54,1.65
2025-09-15T21:51:19.945099,3681.03,0.1667,3682.54,1.65
2025-09-15T21:51:19.957442,3681.03,0.1667,3682.54,1.65
2025-09-15T21:51:20.139133,3681.03,0.1667,3682.54,1.65
2025-09-15T21:51:20.216861,3681.03,0.1667,3682.54,1.65
2025-09-15T21:51:20.768990,3681.03,0.1667,3682.54,1.65
2025-09-15T21:51:20.771914,3681.03,0.1667,3682.54,1.65
2025-09-15T21:51:21.420886,3681.03,0.1667,3682.54,1.65
2025-09-15T21:51:21.943361,3681.03,0.1667,3682.54,1.65
2025-09-15T21:51:23.332497,3681.03,0.1667,3682.54,1.65
2025-09-15T21:51:24.060427,3681.03,0.1667,3682.54,1.65
2025-09-15T21:51:24.196268,3681.03,0.1667,3682.54,1.65
2025-09-15T21:51:24.503042,3681.03,0.1667,3682.54,1.65
2025-09-15T21:51:24.725544,3681.03,0.1667,3682.54,1.65
2025-09-15T21:51:24.915303,3681.03,0.1667,3682.54,1.65
2025-09-15T21:51:25.392276,3681.03,0.1667,3682.54,1.65
2025-09-15T21:51:25.729731,3681.03,0.1667,3682.54,1.65
2025-09-15T21:51:26.635305,3681.03,0.1667,3682.54,1.65
2025-09-15T21:51:27.198998,3681.03,0.1667,3682.54,1.65
2025-09-15T21:51:27.776067,3681.03,0.1667,3682.54,1.65
2025-09-15T21:51:28.133282,3681.03,0.1667,3682.54,1.65
2025-09-15T21:51:28.421509,3681.03,0.1667,3682.54,1.65
2025-09-15T21:51:28.426860,3681.03,0.1667,3682.54,1.65
2025-09-15T21:51:29.553028,3681.03,0.1667,3682.54,1.65
2025-09-15T21:51:30.273622,3681.03,0.1667,3682.54,1.65
2025-09-15T21:51:30.279362,3681.03,0.1667,3682.54,1.65
2025-09-15T21:51:31.682492,3681.03,0.1667,3682.54,1.65
2025-09-15T21:51:32.439089,3681.03,0.1667,3682.54,1.65
2025-09-15T21:51:33.317315,3681.03,0.1667,3682.54,1.65
2025-09-15T21:51:33.878806,3681.03,0.1667,3682.54,1.65
2025-09-15T21:51:34.386296,3681.03,0.1667,3682.54,1.65
2025-09-15T21:51:34.387639,3681.03,0.1667,3682.54,1.65
2025-09-15T21:51:34.916170,3681.03,0.1667,3682.54,1.65
2025-09-15T21:51:35.413123,3681.03,0.1667,3682.54,1.65
2025-09-15T21:51:35.934373,3681.03,0.1667,3682.54,1.65
2025-09-15T21:51:36.587403,3681.03,0.1667,3682.54,1.65
2025-09-15T21:51:37.591226,3681.03,0.1667,3682.54,1.65
2025-09-15T21:51:37.593830,3681.03,0.1667,3682.54,1.65
2025-09-15T21:51:38.480710,3681.03,0.1667,3682.54,1.65
2025-09-15T21:51:38.995523,3681.03,0.1667,3682.54,1.65
2025-09-15T21:51:38.995860,3681.03,0.1667,3682.54,1.65
2025-09-15T21:51:39.776675,3681.03,0.1667,3682.54,1.65
2025-09-15T21:51:40.559490,3681.03,0.1667,3682.54,1.65
2025-09-15T21:51:41.100208,3681.03,0.1667,3682.54,1.65
2025-09-15T21:51:42.161622,3681.03,0.1667,3682.54,1.65
2025-09-15T21:51:43.236039,3681.03,0.1667,3682.54,1.65
2025-09-15T21:51:44.958469,3681.03,0.1667,3682.54,1.65
2025-09-15T21:51:45.968362,3681.03,0.1667,3682.54,1.65
2025-09-15T21:51:46.482555,3681.03,0.1667,3682.54,1.65
2025-09-15T21:51:52.098323,3681.03,0.1667,3682.54,1.65
2025-09-15T21:51:52.118830,3681.03,0.1667,3682.54,1.65
2025-09-15T21:51:54.240208,3681.03,0.1667,3682.54,1.65
2025-09-15T21:51:54.666871,3681.03,0.1667,3682.54,1.65
2025-09-15T21:51:59.460547,3681.03,0.1667,3682.54,1.65
2025-09-15T21:52:03.627846,3681.03,0.1667,3682.54,1.65
2025-09-15T21:52:04.832411,3681.03,0.1667,3682.54,1.65
2025-09-15T21:52:07.928600,3681.03,0.1667,3682.54,1.65
2025-09-15T21:52:08.392725,3681.03,0.1667,3682.54,1.65
2025-09-15T21:52:08.460880,3681.03,0.1667,3682.54,1.65
2025-09-15T21:52:09.994245,3681.03,0.1667,3682.54,1.65
2025-09-15T21:52:11.305344,3681.03,0.1667,3682.54,1.65
2025-09-15T21:52:15.733615,3681.03,0.1667,3682.54,1.65
2025-09-15T21:52:28.362843,3681.04,0.4112,3682.42,0.4053
2025-09-15T21:52:30.228280,3681.04,0.4112,3682.42,0.4053
2025-09-15T21:52:30.233953,3681.04,0.4112,3682.42,0.4053
2025-09-15T21:52:33.956257,3681.04,0.4112,3682.42,0.4051
2025-09-15T21:52:46.459109,3681.04,0.4112,3682.42,0.4051
2025-09-15T21:52:46.530073,3681.04,0.4112,3682.42,0.4051
2025-09-15T21:52:48.336983,3681.04,0.4112,3682.42,0.4051
2025-09-15T21:52:48.381054,3681.04,0.4112,3682.42,0.4051
2025-09-15T21:52:48.395484,3681.04,0.4112,3682.42,0.4051
2025-09-15T21:52:48.404238,3681.04,0.4112,3682.42,0.4051
2025-09-15T21:52:48.406517,3681.04,0.4112,3682.42,0.4051
2025-09-15T21:52:48.411915,3681.04,0.4112,3682.42,0.4051
2025-09-15T21:52:48.430322,3681.04,0.4112,3682.42,0.4051
2025-09-15T21:52:48.431030,3681.04,0.4112,3682.45,2.0375
2025-09-15T21:52:48.459443,3681.04,0.4112,3682.45,2.0375
2025-09-15T21:52:48.461900,3681.04,0.4112,3682.45,2.0375
2025-09-15T21:52:48.493708,3681.04,0.4112,3682.45,2.0375
2025-09-15T21:52:48.504273,3681.04,0.4112,3682.45,2.0375
2025-09-15T21:52:48.535056,3681.04,0.4112,3682.45,2.0375
2025-09-15T21:52:48.716908,3681.04,0.4112,3682.45,1.2184
2025-09-15T21:52:48.822492,3681.04,0.4112,3682.45,1.2184
2025-09-15T21:52:48.864857,3681.0,0.1,3682.45,1.2184
2025-09-15T21:52:48.918264,3681.0,0.1,3682.45,1.2184
2025-09-15T21:52:48.996179,3681.0,0.1,3682.75,0.6452
2025-09-15T21:52:49.008078,3681.0,0.1,3682.75,0.6452
2025-09-15T21:52:49.018846,3681.0,0.1,3682.75,0.6452
2025-09-15T21:52:49.064743,3681.0,0.1,3682.75,0.6452
2025-09-15T21:52:49.706901,3681.0,0.1,3682.75,0.6452
2025-09-15T21:52:49.772444,3681.0,0.1,3682.75,0.6452
2025-09-15T21:52:49.848484,3681.0,0.1,3682.75,0.6452
2025-09-15T21:52:50.293345,3681.0,0.1,3682.75,0.6452
2025-09-15T21:52:50.295734,3681.0,0.1,3682.75,0.6452
2025-09-15T21:52:50.405901,3681.0,0.1,3682.75,0.6452
2025-09-15T21:52:50.417432,3681.0,0.1,3682.75,0.6452
2025-09-15T21:52:50.444338,3681.0,0.1,3682.75,0.6452
2025-09-15T21:52:50.458204,3681.0,0.1,3682.75,0.6452
2025-09-15T21:52:50.461869,3681.0,0.1,3682.75,0.6452
2025-09-15T21:52:50.502419,3681.0,0.1,3682.75,0.6452
2025-09-15T21:52:50.525731,3681.0,0.1,3682.75,0.6452
2025-09-15T21:52:50.535616,3681.0,0.1,3682.75,0.6452
2025-09-15T21:52:50.565052,3681.0,0.1,3682.75,0.6452
2025-09-15T21:52:50.627545,3681.0,0.1,3682.75,0.6452
2025-09-15T21:52:50.781909,3681.0,0.1,3682.75,0.6452
2025-09-15T21:52:50.854367,3681.0,0.1,3682.75,0.6452
2025-09-15T21:52:51.031134,3681.0,0.1,3682.75,0.6452
2025-09-15T21:52:51.232257,3681.0,0.1,3682.75,0.6452
2025-09-15T21:52:51.443425,3681.0,0.1,3682.75,0.6452
2025-09-15T21:52:51.847961,3681.0,0.1,3682.75,0.6452
2025-09-15T21:52:51.850082,3681.0,0.1,3682.75,0.6452
2025-09-15T21:52:52.234176,3681.0,0.1,3682.75,0.6452
2025-09-15T21:52:52.305850,3681.0,0.1,3682.75,0.6452
2025-09-15T21:52:52.332392,3681.0,0.1,3682.75,0.6452
2025-09-15T21:52:52.355761,3681.0,0.1,3682.75,0.6452
2025-09-15T21:52:52.523312,3681.0,0.1,3683.0,0.09
2025-09-15T21:52:52.850265,3681.0,0.1,3683.0,0.09
2025-09-15T21:52:52.882707,3681.0,0.1,3683.0,0.09
2025-09-15T21:52:52.883502,3681.0,0.1,3683.0,0.09
2025-09-15T21:52:53.785242,3681.0,0.1,3683.0,0.09
2025-09-15T21:52:54.243606,3681.0,0.1,3683.0,0.09
2025-09-15T21:52:54.659866,3681.0,0.1,3683.0,0.0832
2025-09-15T21:52:54.933746,3681.0,0.1,3683.0,0.0832
2025-09-15T21:52:55.802304,3681.0,0.1,3683.0,0.0832
2025-09-15T21:52:56.301724,3681.0,0.1,3683.0,0.0832
2025-09-15T21:52:57.265869,3681.0,0.1,3683.0,0.0832
2025-09-15T21:52:57.848511,3681.0,0.1,3683.0,0.0832
2025-09-15T21:52:58.535887,3681.0,0.1,3683.0,0.0832
2025-09-15T21:52:59.718564,3681.0,0.1,3683.0,0.0832
2025-09-15T21:53:00.317904,3681.0,0.1,3683.0,0.0832
2025-09-15T21:53:00.687123,3681.0,0.1,3683.0,0.0832
2025-09-15T21:53:00.690695,3681.0,0.1,3683.0,0.0832
2025-09-15T21:53:00.734923,3681.0,0.1,3683.0,0.0832
2025-09-15T21:53:00.830404,3681.0,0.1,3683.0,0.0832
2025-09-15T21:53:00.835201,3681.0,0.1,3683.0,0.0832
2025-09-15T21:53:00.840184,3681.0,0.1,3683.0,0.0832
2025-09-15T21:53:00.863925,3681.0,0.1,3683.0,0.0832
2025-09-15T21:53:00.883332,3681.0,0.1,3683.0,0.0832
2025-09-15T21:53:00.891140,3681.0,0.1,3683.0,0.0832
2025-09-15T21:53:00.905918,3681.0,0.1,3683.0,0.0832
2025-09-15T21:53:00.910234,3681.0,0.1,3683.0,0.0832
2025-09-15T21:53:00.913264,3681.0,0.1,3683.0,0.0832
2025-09-15T21:53:00.916874,3681.0,0.1,3683.0,0.0832
2025-09-15T21:53:00.921445,3681.0,0.1,3683.0,0.0832
2025-09-15T21:53:00.943718,3681.0,0.1,3683.0,0.0832
2025-09-15T21:53:01.000774,3681.0,0.1,3686.03,3.4019
2025-09-15T21:53:01.025900,3681.0,0.1,3686.03,3.4019
2025-09-15T21:53:01.081003,3681.0,0.1,3686.03,3.4019
2025-09-15T21:53:01.162483,3681.0,0.1,3686.03,3.4019
2025-09-15T21:53:01.201204,3681.0,0.1,3686.03,3.4019
2025-09-15T21:53:01.273829,3681.0,0.1,3686.03,3.4019
2025-09-15T21:53:01.313412,3681.0,0.1,3686.03,3.4019
2025-09-15T21:53:01.331969,3679.24,0.6441,3686.03,3.4019
2025-09-15T21:53:01.458582,3679.24,0.6441,3686.03,3.4019
2025-09-15T21:53:01.459418,3679.24,0.6441,3686.03,3.4019
2025-09-15T21:53:01.467865,3679.24,0.6441,3686.03,3.4019
2025-09-15T21:53:01.505212,3679.24,0.6441,3686.03,3.4019
2025-09-15T21:53:01.559792,3679.24,0.6441,3686.03,3.4019
2025-09-15T21:53:01.749717,3679.24,0.6441,3686.03,3.4019
2025-09-15T21:53:02.036267,3679.24,0.6441,3686.03,3.4019
2025-09-15T21:53:02.283761,3679.24,0.6441,3686.03,3.4019
2025-09-15T21:53:02.814725,3679.24,0.6441,3686.03,3.4019
2025-09-15T21:53:02.820526,3679.24,0.6441,3686.03,3.4019
2025-09-15T21:53:02.932750,3679.24,0.6441,3686.03,3.4019
2025-09-15T21:53:02.987826,3679.24,0.6441,3686.03,3.4019
2025-09-15T21:53:02.999507,3679.24,0.6441,3686.03,3.4019
2025-09-15T21:53:03.321686,3679.24,0.6441,3686.03,3.4019
2025-09-15T21:53:03.985273,3679.24,0.6441,3686.03,3.4019
2025-09-15T21:53:04.564382,3679.24,0.6441,3686.03,3.4019
2025-09-15T21:53:04.570258,3679.24,0.6441,3686.03,3.4019
2025-09-15T21:53:04.845854,3679.24,0.6441,3686.03,3.4019
2025-09-15T21:53:04.849630,3679.24,0.6441,3686.03,3.4019
2025-09-15T21:53:04.868258,3679.24,0.6441,3686.03,3.4019
2025-09-15T21:53:04.872699,3679.24,0.6441,3686.03,3.4019
2025-09-15T21:53:04.886650,3679.24,0.6441,3686.03,3.4019
2025-09-15T21:53:04.910215,3679.24,0.6441,3686.03,3.4019
2025-09-15T21:53:04.919127,3679.24,0.6441,3686.03,3.4019
2025-09-15T21:53:04.934076,3679.24,0.6441,3686.03,3.4019
2025-09-15T21:53:04.941069,3679.24,0.6441,3686.03,3.4019
2025-09-15T21:53:04.983671,3679.24,0.6441,3686.03,3.4019
2025-09-15T21:53:04.994128,3679.24,0.6441,3686.03,3.4019
2025-09-15T21:53:05.020043,3679.24,0.6441,3686.03,3.4019
2025-09-15T21:53:05.042333,3679.24,0.6441,3686.03,3.4019
2025-09-15T21:53:05.054016,3679.24,0.6441,3686.03,3.4019
2025-09-15T21:53:05.066269,3679.24,0.6441,3686.03,3.4019
2025-09-15T21:53:05.082961,3679.24,0.6441,3686.03,3.4019
2025-09-15T21:53:05.093296,3679.24,0.6441,3686.03,3.4019
2025-09-15T21:53:05.126674,3679.24,0.6441,3686.03,3.4019
2025-09-15T21:53:05.129482,3679.24,0.6441,3686.03,3.4019
2025-09-15T21:53:05.143848,3679.24,0.6441,3686.03,3.4019
2025-09-15T21:53:05.156528,3679.24,0.6441,3686.03,3.4019
2025-09-15T21:53:05.253628,3679.24,0.6441,3686.03,3.4019
2025-09-15T21:53:05.288129,3679.24,0.6441,3686.03,3.4019
2025-09-15T21:53:05.298271,3679.24,0.6441,3694.0,0.25
2025-09-15T21:53:05.301574,3679.24,0.6441,3694.0,0.25
2025-09-15T21:53:05.303595,3679.24,0.6441,3694.0,0.25
2025-09-15T21:53:05.350880,3679.24,0.6441,3694.0,0.25
2025-09-15T21:53:05.392850,3679.24,0.6441,3694.0,0.25
2025-09-15T21:53:05.410226,3679.24,0.6441,3694.0,0.25
2025-09-15T21:53:05.514312,3679.24,0.6441,3694.0,0.25
2025-09-15T21:53:05.870529,3679.24,0.6441,3694.0,0.25
2025-09-15T21:53:05.873469,3679.24,0.6441,3694.0,0.25
2025-09-15T21:53:05.981881,3679.24,0.6441,3694.0,0.25
2025-09-15T21:53:06.021036,3679.24,0.6441,3694.0,0.25
2025-09-15T21:53:06.400841,3679.24,0.6441,3694.0,0.25
2025-09-15T21:53:06.959152,3679.24,0.6441,3694.0,0.25
2025-09-15T21:53:06.965442,3679.24,0.6441,3694.0,0.25
2025-09-15T21:53:07.053183,3679.24,0.6441,3694.0,0.25
2025-09-15T21:53:07.053388,3679.24,0.6441,3694.0,0.25
2025-09-15T21:53:07.059912,3679.24,0.6441,3694.0,0.25
2025-09-15T21:53:07.606099,3679.24,0.6441,3694.0,0.25
2025-09-15T21:53:07.610770,3679.24,0.6441,3694.0,0.25
2025-09-15T21:53:08.181157,3679.24,0.6441,3694.0,0.25
2025-09-15T21:53:08.731428,3679.24,0.6441,3694.0,0.25
2025-09-15T21:53:09.262016,3679.24,0.6441,3694.0,0.25
2025-09-15T21:53:09.440527,3679.24,0.6441,3694.0,0.25
2025-09-15T21:53:10.274221,3679.24,0.6441,3694.0,0.25
2025-09-15T21:53:10.820270,3679.24,0.6441,3694.0,0.25
2025-09-15T21:53:11.415557,3679.24,0.6441,3694.0,0.25
2025-09-15T21:53:11.962247,3679.24,0.6441,3694.0,0.25
2025-09-15T21:53:12.608062,3679.24,0.6441,3694.0,0.25
2025-09-15T21:53:13.311487,3679.24,0.6441,3694.0,0.25
2025-09-15T21:53:13.341362,3679.24,0.6441,3694.0,0.25
2025-09-15T21:53:13.343225,3679.24,0.6441,3694.0,0.25
2025-09-15T21:53:13.373452,3679.24,0.6441,3694.0,0.25
2025-09-15T21:53:13.425931,3679.24,0.6441,3694.0,0.25
2025-09-15T21:53:13.517973,3679.24,0.6441,3694.0,0.25
2025-09-15T21:53:13.684989,3679.24,0.6441,3694.0,0.25
2025-09-15T21:53:13.699420,3679.24,0.6441,3694.0,0.25
2025-09-15T21:53:13.820290,3679.24,0.6441,3694.0,0.25
2025-09-15T21:53:13.832502,3679.24,0.6441,3694.0,0.25
2025-09-15T21:53:13.845252,3679.24,0.6441,3694.0,0.25
2025-09-15T21:53:13.889400,3679.24,0.6441,3694.0,0.25
2025-09-15T21:53:13.900536,3679.24,0.6441,3694.0,0.25
2025-09-15T21:53:13.909729,3679.24,0.6441,3694.0,0.25
2025-09-15T21:53:13.933625,3679.24,0.6441,3694.0,0.25
2025-09-15T21:53:13.952939,3679.24,0.6441,3694.0,0.25
2025-09-15T21:53:13.985187,3679.24,0.6441,3694.0,0.25
2025-09-15T21:53:14.094143,3679.24,0.6441,3694.0,0.25
2025-09-15T21:53:14.390731,3679.24,0.6441,3694.0,0.25
2025-09-15T21:53:14.393672,3679.24,0.6441,3694.0,0.25
2025-09-15T21:53:14.624512,3679.24,0.6441,3694.0,0.25
2025-09-15T21:53:14.634056,3679.24,0.6441,3694.0,0.25
2025-09-15T21:53:14.674709,3679.24,0.6441,3694.0,0.25
2025-09-15T21:53:14.730153,3679.24,0.6441,3694.0,0.25
2025-09-15T21:53:15.333345,3679.24,0.6441,3694.0,0.25
2025-09-15T21:53:15.335143,3679.24,0.6441,3694.0,0.25
2025-09-15T21:53:16.215453,3679.24,0.6441,3694.0,0.25
2025-09-15T21:53:17.214719,3679.24,0.6441,3694.0,0.25
2025-09-15T21:53:17.220640,3679.24,0.6441,3694.0,0.25
2025-09-15T21:53:18.546785,3679.24,0.6441,3694.0,0.25
2025-09-15T21:53:18.558944,3679.24,0.6441,3694.0,0.25
2025-09-15T21:53:18.571947,3679.24,0.6441,3694.0,0.25
2025-09-15T21:53:18.593370,3679.24,0.6441,3694.0,0.25
2025-09-15T21:53:18.602331,3679.24,0.6441,3694.0,0.25
2025-09-15T21:53:18.621837,3679.24,0.6441,3694.0,0.25
2025-09-15T21:53:18.623025,3679.24,0.6441,3694.0,0.25
2025-09-15T21:53:18.670476,3679.24,0.6441,3694.0,0.25
2025-09-15T21:53:18.719528,3679.24,0.6441,3694.0,0.25
2025-09-15T21:53:18.748981,3679.24,0.6441,3694.0,0.25
2025-09-15T21:53:18.818057,3679.24,0.6441,3694.0,0.25
2025-09-15T21:53:18.871333,3679.24,0.6441,3694.0,0.25
2025-09-15T21:53:19.006949,3679.24,0.6441,3694.0,0.25
2025-09-15T21:53:19.079011,3679.24,0.6441,3694.0,0.25
2025-09-15T21:53:19.439115,3679.24,0.6441,3694.0,0.25
2025-09-15T21:53:20.614506,3679.24,0.6441,3694.0,0.25
2025-09-15T21:53:20.623004,3679.24,0.6441,3694.0,0.25
2025-09-15T21:53:20.666820,3679.24,0.6441,3694.0,0.25
2025-09-15T21:53:20.750473,3679.24,0.6441,3694.0,0.25
2025-09-15T21:53:20.891290,3679.24,0.6441,3694.0,0.25
2025-09-15T21:53:21.134482,3679.24,0.6441,3694.0,0.25
2025-09-15T21:53:21.137074,3679.24,0.6441,3694.0,0.25
2025-09-15T21:53:21.321884,3679.24,0.6441,3694.0,0.25
2025-09-15T21:53:21.501291,3679.24,0.6441,3694.0,0.25
2025-09-15T21:53:21.646696,3679.24,0.6441,3694.0,0.25
2025-09-15T21:53:22.154769,3679.24,0.6441,3694.0,0.25
2025-09-15T21:53:23.388157,3679.24,0.6441,3694.0,0.25
2025-09-15T21:53:23.394186,3679.24,0.6441,3694.0,0.25
2025-09-15T21:53:24.574770,3679.24,0.6441,3694.0,0.25
2025-09-15T21:53:24.602076,3679.24,0.6441,3694.0,0.25
2025-09-15T21:53:24.642381,3679.24,0.6441,3694.0,0.25
2025-09-15T21:53:24.683692,3679.24,0.6441,3694.0,0.25
2025-09-15T21:53:24.727798,3679.24,0.6441,3694.0,0.25
2025-09-15T21:53:24.778887,3679.24,0.6441,3694.0,0.25
2025-09-15T21:53:25.366730,3679.24,0.6441,3694.0,0.25
2025-09-15T21:53:25.417011,3679.24,0.6441,3694.0,0.25
2025-09-15T21:53:26.005219,3679.24,0.6441,3694.0,0.25
2025-09-15T21:53:27.376751,3679.24,0.6441,3694.0,0.25
2025-09-15T21:53:27.384330,3679.24,0.6441,3694.0,0.25
2025-09-15T21:53:27.577224,3679.24,0.6441,3694.0,0.25
2025-09-15T21:53:27.599401,3679.24,0.6441,3694.0,0.25
2025-09-15T21:53:27.896089,3679.24,0.6441,3694.0,0.25
2025-09-15T21:53:39.660970,3683.53,0.4284,3684.77,1.3012
2025-09-15T21:53:41.527208,3683.53,0.4284,3684.77,1.3012
2025-09-15T21:53:41.786329,3683.53,0.4284,3684.77,1.3012
2025-09-15T21:53:41.787252,3683.53,0.4284,3684.77,1.3012
2025-09-15T21:53:41.788003,3683.53,0.4284,3684.77,1.3012
2025-09-15T21:53:41.788198,3683.53,0.4284,3684.77,1.3012
2025-09-15T21:53:41.790365,3683.53,0.4284,3684.77,1.3012
2025-09-15T21:53:41.790552,3683.53,0.4284,3684.77,1.3012
2025-09-15T21:53:41.791274,3683.53,0.4284,3684.77,1.3012
2025-09-15T21:53:41.792526,3683.0,0.1,3684.77,1.3012
2025-09-15T21:53:41.793635,3683.0,0.1,3684.77,1.3012
2025-09-15T21:53:41.793799,3683.0,0.1,3684.77,1.3012
2025-09-15T21:53:41.793972,3683.0,0.1,3684.77,1.3012
2025-09-15T21:53:41.795605,3683.0,0.1,3684.77,1.3012
2025-09-15T21:53:41.795758,3683.0,0.1,3684.77,1.3012
2025-09-15T21:53:41.798633,3683.0,0.1,3684.77,1.0369
2025-09-15T21:53:41.801766,3683.0,0.1,3685.0,0.09
2025-09-15T21:53:41.804747,3683.0,0.1,3685.0,0.09
2025-09-15T21:53:41.826727,3683.0,0.1,3685.0,0.09
2025-09-15T21:53:41.855671,3683.0,0.1,3685.0,0.09
2025-09-15T21:53:42.108466,3683.0,0.1,3686.16,1.7008
2025-09-15T21:53:42.281166,3683.0,0.1,3686.16,1.7008
2025-09-15T21:53:42.288297,3683.0,0.1,3686.16,1.7008
2025-09-15T21:53:42.305059,3683.0,0.1,3686.16,1.7008
2025-09-15T21:53:42.349170,3683.0,0.1,3686.16,1.7008
2025-09-15T21:53:42.436158,3679.27,3.7422,3686.16,1.7008
2025-09-15T21:53:42.867890,3679.27,3.7422,3686.16,1.7008
2025-09-15T21:53:42.897555,3679.27,3.7422,3686.16,1.7008
2025-09-15T21:53:42.912911,3679.27,3.7422,3686.16,1.7008
2025-09-15T21:53:42.941195,3679.27,3.7422,3686.16,1.7008
2025-09-15T21:53:43.378512,3679.27,3.7422,3686.16,1.7008
2025-09-15T21:53:43.423188,3679.27,3.7422,3686.16,1.7008
2025-09-15T21:53:43.482862,3679.27,3.7422,3686.16,1.7008
2025-09-15T21:53:43.485478,3679.27,3.7422,3686.16,1.7008
2025-09-15T21:53:43.496587,3679.27,3.7422,3686.16,1.7008
2025-09-15T21:53:43.524819,3679.27,3.7422,3686.16,1.7008
2025-09-15T21:53:43.591928,3679.27,3.7422,3686.16,1.7008
2025-09-15T21:53:45.293038,3679.27,3.7422,3686.16,1.7008
2025-09-15T21:53:45.306026,3679.27,3.7422,3686.16,1.7008
2025-09-15T21:53:45.491202,3679.27,3.7422,3686.16,1.7008
2025-09-15T21:53:45.596876,3679.27,3.7422,3686.16,1.7008
2025-09-15T21:53:45.658888,3679.27,3.7422,3686.16,1.7008
2025-09-15T21:53:45.761379,3679.27,3.7422,3686.16,1.7008
2025-09-15T21:53:45.820549,3679.27,3.7422,3686.16,1.7008
2025-09-15T21:53:47.112955,3679.27,3.7422,3686.16,1.7008
2025-09-15T21:53:48.127153,3679.27,3.7422,3686.16,1.7008
2025-09-15T21:53:48.127411,3679.27,3.7422,3686.16,1.7008
2025-09-15T21:53:49.162595,3679.27,3.7422,3686.16,1.7008
2025-09-15T21:53:51.524846,3679.27,3.7422,3686.16,1.7008
2025-09-15T21:53:53.532342,3679.27,3.7422,3686.16,1.7008
2025-09-15T21:53:53.537565,3679.27,3.7422,3686.16,1.7008
2025-09-15T21:53:53.984073,3679.27,3.7422,3686.16,1.7008
2025-09-15T21:53:54.036773,3679.27,3.7422,3686.16,1.7008
2025-09-15T21:53:54.336708,3679.27,3.7422,3686.16,1.7008
2025-09-15T21:53:54.837514,3679.27,3.7422,3686.16,1.7008
2025-09-15T21:53:55.374008,3679.27,3.7422,3686.16,1.7008
2025-09-15T21:53:59.091071,3679.27,3.7422,3686.16,1.7008
2025-09-15T21:53:59.118710,3679.27,3.7422,3686.16,1.7008
2025-09-15T21:54:00.355542,3679.27,3.7422,3686.16,1.7008
2025-09-15T21:54:00.363436,3679.27,3.7422,3686.16,1.7008
2025-09-15T21:54:00.398571,3679.27,3.7422,3690.19,3.3753
2025-09-15T21:54:00.424745,3679.27,3.7422,3690.19,3.3753
2025-09-15T21:54:00.452727,3679.27,3.7422,3690.19,3.3753
2025-09-15T21:54:00.472019,3679.27,3.7422,3690.19,3.3753
2025-09-15T21:54:00.512971,3679.27,3.7422,3690.19,3.3753
2025-09-15T21:54:00.547185,3679.27,3.7422,3690.19,3.3753
2025-09-15T21:54:00.596399,3679.27,3.7422,3690.19,3.3753
2025-09-15T21:54:00.601682,3679.27,3.7422,3690.19,3.3753
2025-09-15T21:54:00.648731,3679.27,3.7422,3690.19,3.3753
2025-09-15T21:54:00.689640,3679.27,3.7422,3690.19,3.3753
2025-09-15T21:54:02.453007,3679.27,3.7422,3690.19,3.3753
2025-09-15T21:54:02.847895,3679.27,3.7422,3690.19,3.3753
2025-09-15T21:54:02.902923,3679.27,3.7422,3690.19,3.3753
2025-09-15T21:54:02.934304,3679.27,3.7422,3690.19,3.3753
2025-09-15T21:54:05.371946,3679.27,3.7422,3690.19,3.3753
2025-09-15T21:54:05.383594,3679.27,3.7422,3690.19,3.3753
2025-09-15T21:54:05.713713,3679.27,3.7422,3690.19,3.3753
2025-09-15T21:54:05.717231,3679.27,3.7422,3690.19,3.3753
2025-09-15T21:54:07.826198,3679.27,3.7422,3690.19,3.3753
2025-09-15T21:54:08.223179,3679.27,3.7422,3690.19,3.3753
2025-09-15T21:54:15.243388,3679.27,3.7422,3690.19,3.3753
2025-09-15T21:54:18.863689,3679.27,3.7422,3690.19,3.3753
2025-09-15T21:54:21.429436,3679.27,3.7422,3690.19,3.3753
2025-09-15T21:54:21.453144,3679.27,3.7422,3690.19,3.3753
2025-09-15T21:54:24.200525,3679.27,3.7422,3690.19,3.3753
2025-09-15T21:54:24.204998,3679.27,3.7422,3690.19,3.3753
2025-09-15T21:54:24.401250,3679.27,3.7422,3690.19,3.3753
2025-09-15T21:54:24.714474,3679.27,3.7422,3690.19,3.3753
2025-09-15T21:54:27.610093,3679.27,3.7422,3690.19,3.3753
2025-09-15T21:54:28.098848,3679.27,3.7422,3690.19,3.3753
2025-09-15T21:54:28.611493,3679.27,3.7422,3690.19,3.3753
2025-09-15T21:54:29.471858,3679.27,3.7422,3690.19,3.3753
2025-09-15T21:54:30.680252,3679.27,3.7422,3690.19,3.3753
2025-09-15T21:54:33.262186,3679.27,3.7422,3690.19,3.3753
2025-09-15T21:54:33.295332,3679.27,3.7422,3690.19,3.3753
2025-09-15T21:54:33.335487,3679.27,3.7422,3690.19,3.3753
2025-09-15T21:54:33.871923,3679.27,3.7422,3690.19,3.3753
2025-09-15T21:54:38.542061,3679.27,3.7422,3690.19,3.3753
2025-09-15T21:54:39.052235,3679.27,3.7422,3690.19,3.3753
2025-09-15T21:54:39.078899,3679.27,3.7422,3690.19,3.3753
2025-09-15T21:54:39.124948,3679.27,3.7422,3690.19,3.3753
2025-09-15T21:54:39.277009,3679.27,3.7422,3690.19,3.3753
2025-09-15T21:54:39.284629,3679.27,3.7422,3690.19,3.3753
2025-09-15T21:54:51.200152,3684.3,0.4098,3685.71,0.4304
2025-09-15T21:54:54.115489,3684.3,0.403,3685.71,0.4304
2025-09-15T21:54:54.191509,3684.3,0.403,3685.71,0.4304
2025-09-15T21:54:54.388865,3684.3,0.403,3685.71,0.4304
2025-09-15T21:54:54.635448,3684.3,0.403,3685.71,0.4236
2025-09-15T21:55:00.415192,3684.3,0.403,3685.71,0.4236
2025-09-15T21:55:00.444230,3684.3,0.403,3685.71,0.4236
2025-09-15T21:55:00.838502,3684.3,0.403,3685.71,0.4236
2025-09-15T21:55:00.845759,3684.3,0.403,3685.71,0.4236
2025-09-15T21:55:00.887163,3684.3,0.403,3685.76,1.5408
2025-09-15T21:55:00.905862,3684.3,0.403,3685.76,1.5408
2025-09-15T21:55:00.911908,3684.3,0.403,3685.76,1.5408
2025-09-15T21:55:00.932964,3684.3,0.403,3685.76,1.5408
2025-09-15T21:55:00.940936,3684.0,0.1,3685.76,1.5408
2025-09-15T21:55:00.978219,3684.0,0.1,3685.76,1.5408
2025-09-15T21:55:01.003700,3684.0,0.1,3685.76,1.5408
2025-09-15T21:55:01.037116,3684.0,0.1,3685.76,1.5408
2025-09-15T21:55:01.039189,3684.0,0.1,3685.76,1.5408
2025-09-15T21:55:01.078269,3684.0,0.1,3685.76,1.5408
2025-09-15T21:55:01.172943,3684.0,0.1,3685.76,1.5408
2025-09-15T21:55:01.393852,3684.0,0.1,3685.76,1.5408
2025-09-15T21:55:01.396633,3684.0,0.1,3685.76,1.5408
2025-09-15T21:55:01.416337,3684.0,0.1,3685.76,1.5408
2025-09-15T21:55:01.975950,3684.0,0.1,3685.76,1.5408
2025-09-15T21:55:02.897343,3684.0,0.0998,3685.76,1.5408
2025-09-15T21:55:02.901465,3684.0,0.0998,3685.76,1.5408
2025-09-15T21:55:02.980616,3684.0,0.0998,3685.76,1.5408
2025-09-15T21:55:03.012257,3684.0,0.0998,3685.76,1.5408
2025-09-15T21:55:03.532767,3684.0,0.0998,3685.76,1.5408
2025-09-15T21:55:04.232105,3684.0,0.0998,3685.76,1.5408
2025-09-15T21:55:17.743936,3684.0,0.0998,3685.76,1.5408
2025-09-15T21:55:19.217612,3684.0,0.0998,3685.76,1.5408
2025-09-15T21:55:19.332066,3684.0,0.0998,3685.76,1.5408
2025-09-15T21:55:24.118498,3684.0,0.0998,3685.76,1.5408
2025-09-15T21:55:24.535475,3684.0,0.093,3685.76,1.5408
2025-09-15T21:55:26.103026,3684.0,0.093,3685.76,1.5408
2025-09-15T21:55:26.123632,3684.0,0.093,3685.76,1.5408
2025-09-15T21:55:26.168178,3684.0,0.093,3685.76,1.5408
2025-09-15T21:55:26.210005,3684.0,0.093,3685.76,1.5408
2025-09-15T21:55:26.215099,3684.0,0.093,3685.76,1.5408
2025-09-15T21:55:26.249124,3684.0,0.093,3685.76,1.5408
2025-09-15T21:55:26.676750,3684.0,0.093,3685.76,1.5408
2025-09-15T21:55:27.599821,3684.0,0.093,3685.76,1.5408
2025-09-15T21:55:27.626347,3684.0,0.093,3685.76,1.5408
2025-09-15T21:55:27.652413,3684.0,0.093,3685.76,1.5408
2025-09-15T21:55:27.690025,3684.0,0.093,3685.76,1.6086
2025-09-15T21:55:27.702438,3684.0,0.093,3685.76,1.6086
2025-09-15T21:55:27.703277,3684.0,0.093,3685.76,1.6086
2025-09-15T21:55:27.881718,3684.0,0.093,3685.76,1.6086
2025-09-15T21:55:28.040499,3684.0,0.093,3685.76,1.6086
2025-09-15T21:55:35.763496,3684.0,0.093,3685.76,1.6086
2025-09-15T21:55:37.097874,3684.0,0.093,3685.76,1.6086
2025-09-15T21:55:38.866088,3684.0,0.093,3685.76,1.6086
2025-09-15T21:55:39.852845,3684.0,0.093,3685.76,1.6086
2025-09-15T21:55:40.017438,3684.0,0.093,3685.76,1.5408
2025-09-15T21:55:40.152162,3684.0,0.093,3685.76,1.5408
2025-09-15T21:55:40.382525,3684.0,0.093,3685.76,1.5408
2025-09-15T21:55:40.387679,3684.0,0.093,3685.76,1.5408
2025-09-15T21:55:43.971195,3684.0,0.093,3685.76,1.5408
2025-09-15T21:55:45.321867,3684.0,0.093,3685.76,1.5408
2025-09-15T21:55:46.741619,3684.0,0.093,3685.76,1.5408
2025-09-15T21:55:46.852735,3684.0,0.093,3685.76,1.5408
2025-09-15T21:56:03.088236,3684.25,0.1596,3685.1,0.4037
2025-09-15T21:56:03.432077,3684.25,0.1596,3685.1,0.4037
2025-09-15T21:56:03.439755,3684.25,0.1596,3685.1,0.4037
2025-09-15T21:56:15.453225,3684.25,0.1596,3685.1,0.4035
2025-09-15T21:56:16.239688,3684.01,0.4249,3685.1,0.4035
2025-09-15T21:56:16.313641,3684.01,0.4249,3685.1,0.4035
2025-09-15T21:56:19.059874,3684.01,0.4249,3685.1,0.4035
2025-09-15T21:56:19.162627,3684.01,0.4249,3685.1,0.4035
2025-09-15T21:56:24.084961,3684.01,0.4249,3685.1,0.4035
2025-09-15T21:56:24.525488,3684.01,0.4249,3685.1,0.3967
2025-09-15T21:56:25.206813,3684.01,0.4249,3685.1,0.3965
2025-09-15T21:56:27.615679,3684.01,0.4249,3685.1,0.3965
2025-09-15T21:56:27.684133,3684.01,0.4249,3685.1,0.3965
2025-09-15T21:56:29.510387,3684.01,0.4249,3685.1,0.3965
2025-09-15T21:56:30.819828,3684.01,0.4249,3685.1,0.3965
2025-09-15T21:56:38.783549,3684.01,0.4249,3685.1,0.3965
2025-09-15T21:56:47.449649,3684.01,0.4249,3685.1,0.3965
2025-09-15T21:56:47.718415,3684.01,0.4249,3685.1,0.3965
2025-09-15T21:56:51.395060,3684.01,0.4249,3685.1,0.3965
2025-09-15T21:56:51.764541,3684.01,0.4249,3685.1,0.3965
2025-09-15T21:56:51.772280,3684.01,0.4249,3685.1,0.3965
2025-09-15T21:56:54.151580,3684.01,0.4249,3685.1,0.3965
2025-09-15T21:56:54.514544,3684.01,0.4249,3685.1,0.3897
2025-09-15T21:56:55.108257,3684.01,0.4249,3685.1,0.3897
2025-09-15T21:56:56.157611,3684.01,0.4249,3685.1,0.3897
2025-09-15T21:56:59.450959,3684.01,0.4249,3685.1,0.3897
2025-09-15T21:56:59.524794,3684.01,0.4249,3685.1,0.3897
2025-09-15T21:57:00.265576,3684.01,0.4249,3685.1,0.3897
2025-09-15T21:57:00.322807,3684.01,0.4249,3685.1,0.3897
2025-09-15T21:57:13.468844,3684.55,0.1666,3685.1,0.3897
2025-09-15T21:57:20.614078,3684.01,0.4249,3685.1,0.3897
2025-09-15T21:57:20.640004,3684.01,0.4249,3685.1,0.3897
2025-09-15T21:57:20.750134,3684.01,0.4249,3685.1,0.3897
2025-09-15T21:57:20.879526,3684.01,0.4249,3685.1,0.3897
2025-09-15T21:57:23.738544,3684.01,0.4249,3685.1,0.3897
2025-09-15T21:57:23.743433,3684.01,0.4249,3685.1,0.3897
2025-09-15T21:57:23.909362,3684.01,0.4249,3685.1,0.3897
2025-09-15T21:57:23.923228,3684.01,0.4249,3685.1,0.3897
2025-09-15T21:57:24.179911,3684.01,0.4249,3685.1,0.3897
2025-09-15T21:57:24.765007,3684.01,0.4249,3685.1,0.3829
2025-09-15T21:57:25.527293,3684.01,0.4249,3685.1,0.3829
2025-09-15T21:57:27.272735,3684.01,0.4249,3685.1,0.3829
2025-09-15T21:57:27.282629,3684.01,0.4249,3685.1,0.3829
2025-09-15T21:57:30.079226,3684.01,0.4249,3685.1,0.3829
2025-09-15T21:57:30.093031,3684.01,0.4249,3685.1,0.3829
2025-09-15T21:57:31.089362,3684.01,0.4249,3685.1,0.3829
2025-09-15T21:57:31.091531,3684.01,0.4249,3685.1,0.3829
2025-09-15T21:57:31.240921,3684.01,0.4249,3685.1,0.3827
2025-09-15T21:57:35.397902,3684.01,0.4249,3685.1,0.3827
2025-09-15T21:57:35.398309,3684.01,0.4249,3685.1,0.3827
2025-09-15T21:57:36.541573,3684.01,0.4249,3685.1,0.3827
2025-09-15T21:57:40.374724,3684.01,0.4249,3685.1,0.3825
2025-09-15T21:57:41.710013,3684.01,0.4249,3685.1,0.3825
2025-09-15T21:57:42.737692,3684.01,0.4249,3685.1,0.3825
2025-09-15T21:57:53.545021,3684.01,0.4249,3685.1,0.3825
2025-09-15T21:57:54.233246,3684.01,0.4249,3685.1,0.3825
2025-09-15T21:57:54.853317,3684.01,0.4249,3685.1,0.3757
2025-09-15T21:57:54.856211,3684.01,0.4249,3685.1,0.3757
2025-09-15T21:57:54.860953,3684.01,0.4249,3685.1,0.3757
2025-09-15T21:58:04.227213,3684.01,0.4249,3685.1,0.3757
2025-09-15T21:58:04.242272,3684.01,0.4249,3685.1,0.3757
2025-09-15T21:58:05.354002,3684.01,0.4249,3685.1,0.3757
2025-09-15T21:58:05.360059,3684.01,0.4249,3685.1,0.3757
